[
	{
		"pk": 1,
		"model": "sites.site",
		"fields": {
			"domain": "demo.organice.io",
			"name": "Organice Demo"
		}
	},
	{
		"pk": 1,
		"model": "cms.placeholder",
		"fields": {
			"slot": "content",
			"default_width": null
		}
	},
	{
		"pk": 2,
		"model": "cms.placeholder",
		"fields": {
			"slot": "content",
			"default_width": null
		}
	},
	{
		"pk": 3,
		"model": "cms.placeholder",
		"fields": {
			"slot": "content",
			"default_width": null
		}
	},
	{
		"pk": 4,
		"model": "cms.placeholder",
		"fields": {
			"slot": "content",
			"default_width": null
		}
	},
	{
		"pk": 5,
		"model": "cms.placeholder",
		"fields": {
			"slot": "content",
			"default_width": null
		}
	},
	{
		"pk": 6,
		"model": "cms.placeholder",
		"fields": {
			"slot": "content",
			"default_width": null
		}
	},
	{
		"pk": 7,
		"model": "cms.placeholder",
		"fields": {
			"slot": "content",
			"default_width": null
		}
	},
	{
		"pk": 8,
		"model": "cms.placeholder",
		"fields": {
			"slot": "content",
			"default_width": null
		}
	},
	{
		"pk": 9,
		"model": "cms.placeholder",
		"fields": {
			"slot": "content",
			"default_width": null
		}
	},
	{
		"pk": 10,
		"model": "cms.placeholder",
		"fields": {
			"slot": "content",
			"default_width": null
		}
	},
	{
		"pk": 11,
		"model": "cms.placeholder",
		"fields": {
			"slot": "content",
			"default_width": null
		}
	},
	{
		"pk": 12,
		"model": "cms.placeholder",
		"fields": {
			"slot": "content",
			"default_width": null
		}
	},
	{
		"pk": 13,
		"model": "cms.placeholder",
		"fields": {
			"slot": "content",
			"default_width": null
		}
	},
	{
		"pk": 14,
		"model": "cms.placeholder",
		"fields": {
			"slot": "content",
			"default_width": null
		}
	},
	{
		"pk": 15,
		"model": "cms.placeholder",
		"fields": {
			"slot": "content",
			"default_width": null
		}
	},
	{
		"pk": 16,
		"model": "cms.placeholder",
		"fields": {
			"slot": "content",
			"default_width": null
		}
	},
	{
		"pk": 17,
		"model": "cms.placeholder",
		"fields": {
			"slot": "content",
			"default_width": null
		}
	},
	{
		"pk": 18,
		"model": "cms.placeholder",
		"fields": {
			"slot": "content",
			"default_width": null
		}
	},
	{
		"pk": 19,
		"model": "cms.placeholder",
		"fields": {
			"slot": "content",
			"default_width": null
		}
	},
	{
		"pk": 20,
		"model": "cms.placeholder",
		"fields": {
			"slot": "content",
			"default_width": null
		}
	},
	{
		"pk": 1,
		"model": "cms.cmsplugin",
		"fields": {
			"rght": 2,
			"changed_date": "2014-06-30T06:52:37.894Z",
			"parent": null,
			"language": "en",
			"level": 0,
			"creation_date": "2014-06-30T06:52:11.159Z",
			"lft": 1,
			"tree_id": 1,
			"position": 0,
			"placeholder": 1,
			"plugin_type": "TextPlugin"
		}
	},
	{
		"pk": 2,
		"model": "cms.cmsplugin",
		"fields": {
			"rght": 2,
			"changed_date": "2014-06-30T06:53:16.527Z",
			"parent": null,
			"language": "en",
			"level": 0,
			"creation_date": "2014-06-30T06:52:57.276Z",
			"lft": 1,
			"tree_id": 2,
			"position": 1,
			"placeholder": 1,
			"plugin_type": "TextPlugin"
		}
	},
	{
		"pk": 3,
		"model": "cms.cmsplugin",
		"fields": {
			"rght": 2,
			"changed_date": "2014-06-30T06:53:52.378Z",
			"parent": null,
			"language": "en",
			"level": 0,
			"creation_date": "2014-06-30T06:53:27.708Z",
			"lft": 1,
			"tree_id": 3,
			"position": 2,
			"placeholder": 1,
			"plugin_type": "CMSLatestEntriesPlugin"
		}
	},
	{
		"pk": 4,
		"model": "cms.cmsplugin",
		"fields": {
			"rght": 2,
			"changed_date": "2014-06-30T06:54:05.373Z",
			"parent": null,
			"language": "en",
			"level": 0,
			"creation_date": "2014-06-30T06:52:11.159Z",
			"lft": 1,
			"tree_id": 4,
			"position": 0,
			"placeholder": 5,
			"plugin_type": "TextPlugin"
		}
	},
	{
		"pk": 5,
		"model": "cms.cmsplugin",
		"fields": {
			"rght": 2,
			"changed_date": "2014-06-30T06:54:05.377Z",
			"parent": null,
			"language": "en",
			"level": 0,
			"creation_date": "2014-06-30T06:52:57.276Z",
			"lft": 1,
			"tree_id": 5,
			"position": 1,
			"placeholder": 5,
			"plugin_type": "TextPlugin"
		}
	},
	{
		"pk": 6,
		"model": "cms.cmsplugin",
		"fields": {
			"rght": 2,
			"changed_date": "2014-06-30T06:54:05.365Z",
			"parent": null,
			"language": "en",
			"level": 0,
			"creation_date": "2014-06-30T06:53:27.708Z",
			"lft": 1,
			"tree_id": 6,
			"position": 2,
			"placeholder": 5,
			"plugin_type": "CMSLatestEntriesPlugin"
		}
	},
	{
		"pk": 7,
		"model": "cms.cmsplugin",
		"fields": {
			"rght": 2,
			"changed_date": "2014-06-30T07:36:26.855Z",
			"parent": null,
			"language": "en",
			"level": 0,
			"creation_date": "2014-06-30T07:36:07.690Z",
			"lft": 1,
			"tree_id": 7,
			"position": 0,
			"placeholder": 2,
			"plugin_type": "TextPlugin"
		}
	},
	{
		"pk": 8,
		"model": "cms.cmsplugin",
		"fields": {
			"rght": 2,
			"changed_date": "2014-06-30T07:36:55.439Z",
			"parent": null,
			"language": "en",
			"level": 0,
			"creation_date": "2014-06-30T07:36:07.690Z",
			"lft": 1,
			"tree_id": 8,
			"position": 0,
			"placeholder": 6,
			"plugin_type": "TextPlugin"
		}
	},
	{
		"pk": 9,
		"model": "cms.cmsplugin",
		"fields": {
			"rght": 2,
			"changed_date": "2014-06-30T07:38:33.350Z",
			"parent": null,
			"language": "en",
			"level": 0,
			"creation_date": "2014-06-30T07:37:34.312Z",
			"lft": 1,
			"tree_id": 9,
			"position": 0,
			"placeholder": 3,
			"plugin_type": "TextPlugin"
		}
	},
	{
		"pk": 10,
		"model": "cms.cmsplugin",
		"fields": {
			"rght": 2,
			"changed_date": "2014-06-30T07:39:10.808Z",
			"parent": null,
			"language": "en",
			"level": 0,
			"creation_date": "2014-06-30T07:37:34.312Z",
			"lft": 1,
			"tree_id": 10,
			"position": 0,
			"placeholder": 7,
			"plugin_type": "TextPlugin"
		}
	},
	{
		"pk": 11,
		"model": "cms.cmsplugin",
		"fields": {
			"rght": 2,
			"changed_date": "2014-06-30T07:39:43.299Z",
			"parent": null,
			"language": "en",
			"level": 0,
			"creation_date": "2014-06-30T07:39:24.434Z",
			"lft": 1,
			"tree_id": 11,
			"position": 0,
			"placeholder": 4,
			"plugin_type": "TextPlugin"
		}
	},
	{
		"pk": 12,
		"model": "cms.cmsplugin",
		"fields": {
			"rght": 2,
			"changed_date": "2014-06-30T07:40:17.658Z",
			"parent": null,
			"language": "en",
			"level": 0,
			"creation_date": "2014-06-30T07:40:01.916Z",
			"lft": 1,
			"tree_id": 12,
			"position": 1,
			"placeholder": 4,
			"plugin_type": "TextPlugin"
		}
	},
	{
		"pk": 13,
		"model": "cms.cmsplugin",
		"fields": {
			"rght": 2,
			"changed_date": "2014-06-30T07:40:47.941Z",
			"parent": null,
			"language": "en",
			"level": 0,
			"creation_date": "2014-06-30T07:40:26.454Z",
			"lft": 1,
			"tree_id": 13,
			"position": 2,
			"placeholder": 4,
			"plugin_type": "TextPlugin"
		}
	},
	{
		"pk": 14,
		"model": "cms.cmsplugin",
		"fields": {
			"rght": 2,
			"changed_date": "2014-06-30T07:40:56.944Z",
			"parent": null,
			"language": "en",
			"level": 0,
			"creation_date": "2014-06-30T07:39:24.434Z",
			"lft": 1,
			"tree_id": 14,
			"position": 0,
			"placeholder": 8,
			"plugin_type": "TextPlugin"
		}
	},
	{
		"pk": 15,
		"model": "cms.cmsplugin",
		"fields": {
			"rght": 2,
			"changed_date": "2014-06-30T07:40:56.948Z",
			"parent": null,
			"language": "en",
			"level": 0,
			"creation_date": "2014-06-30T07:40:01.916Z",
			"lft": 1,
			"tree_id": 15,
			"position": 1,
			"placeholder": 8,
			"plugin_type": "TextPlugin"
		}
	},
	{
		"pk": 16,
		"model": "cms.cmsplugin",
		"fields": {
			"rght": 2,
			"changed_date": "2014-06-30T07:40:56.951Z",
			"parent": null,
			"language": "en",
			"level": 0,
			"creation_date": "2014-06-30T07:40:26.454Z",
			"lft": 1,
			"tree_id": 16,
			"position": 2,
			"placeholder": 8,
			"plugin_type": "TextPlugin"
		}
	},
	{
		"pk": 17,
		"model": "cms.cmsplugin",
		"fields": {
			"rght": 2,
			"changed_date": "2014-06-30T07:42:52.266Z",
			"parent": null,
			"language": "en",
			"level": 0,
			"creation_date": "2014-06-30T07:42:12.812Z",
			"lft": 1,
			"tree_id": 17,
			"position": 0,
			"placeholder": 9,
			"plugin_type": "TextPlugin"
		}
	},
	{
		"pk": 19,
		"model": "cms.cmsplugin",
		"fields": {
			"rght": 2,
			"changed_date": "2014-06-30T07:43:50.007Z",
			"parent": null,
			"language": "en",
			"level": 0,
			"creation_date": "2014-06-30T07:43:27.167Z",
			"lft": 1,
			"tree_id": 19,
			"position": 0,
			"placeholder": 10,
			"plugin_type": "TextPlugin"
		}
	},
	{
		"pk": 20,
		"model": "cms.cmsplugin",
		"fields": {
			"rght": 2,
			"changed_date": "2014-06-30T07:47:31.144Z",
			"parent": null,
			"language": "en",
			"level": 0,
			"creation_date": "2014-06-30T07:44:15.309Z",
			"lft": 1,
			"tree_id": 20,
			"position": 2,
			"placeholder": 10,
			"plugin_type": "ContactPlugin"
		}
	},
	{
		"pk": 21,
		"model": "cms.cmsplugin",
		"fields": {
			"rght": 2,
			"changed_date": "2014-06-30T07:47:31.110Z",
			"parent": null,
			"language": "en",
			"level": 0,
			"creation_date": "2014-06-30T07:47:11.743Z",
			"lft": 1,
			"tree_id": 21,
			"position": 1,
			"placeholder": 10,
			"plugin_type": "TextPlugin"
		}
	},
	{
		"pk": 22,
		"model": "cms.cmsplugin",
		"fields": {
			"rght": 2,
			"changed_date": "2014-06-30T07:47:48.108Z",
			"parent": null,
			"language": "en",
			"level": 0,
			"creation_date": "2014-06-30T07:43:27.167Z",
			"lft": 1,
			"tree_id": 22,
			"position": 0,
			"placeholder": 15,
			"plugin_type": "TextPlugin"
		}
	},
	{
		"pk": 23,
		"model": "cms.cmsplugin",
		"fields": {
			"rght": 2,
			"changed_date": "2014-06-30T07:47:48.100Z",
			"parent": null,
			"language": "en",
			"level": 0,
			"creation_date": "2014-06-30T07:44:15.309Z",
			"lft": 1,
			"tree_id": 23,
			"position": 2,
			"placeholder": 15,
			"plugin_type": "ContactPlugin"
		}
	},
	{
		"pk": 24,
		"model": "cms.cmsplugin",
		"fields": {
			"rght": 2,
			"changed_date": "2014-06-30T07:47:48.112Z",
			"parent": null,
			"language": "en",
			"level": 0,
			"creation_date": "2014-06-30T07:47:11.743Z",
			"lft": 1,
			"tree_id": 24,
			"position": 1,
			"placeholder": 15,
			"plugin_type": "TextPlugin"
		}
	},
	{
		"pk": 25,
		"model": "cms.cmsplugin",
		"fields": {
			"rght": 2,
			"changed_date": "2014-06-30T07:50:53.087Z",
			"parent": null,
			"language": "en",
			"level": 0,
			"creation_date": "2014-06-30T07:49:29.479Z",
			"lft": 1,
			"tree_id": 25,
			"position": 0,
			"placeholder": 11,
			"plugin_type": "GoogleMapPlugin"
		}
	},
	{
		"pk": 26,
		"model": "cms.cmsplugin",
		"fields": {
			"rght": 2,
			"changed_date": "2014-06-30T07:51:16.023Z",
			"parent": null,
			"language": "en",
			"level": 0,
			"creation_date": "2014-06-30T07:49:29.479Z",
			"lft": 1,
			"tree_id": 26,
			"position": 0,
			"placeholder": 16,
			"plugin_type": "GoogleMapPlugin"
		}
	},
	{
		"pk": 27,
		"model": "cms.cmsplugin",
		"fields": {
			"rght": 2,
			"changed_date": "2014-06-30T07:53:40.358Z",
			"parent": null,
			"language": "en",
			"level": 0,
			"creation_date": "2014-06-30T07:53:25.698Z",
			"lft": 1,
			"tree_id": 27,
			"position": 0,
			"placeholder": 12,
			"plugin_type": "TextPlugin"
		}
	},
	{
		"pk": 28,
		"model": "cms.cmsplugin",
		"fields": {
			"rght": 2,
			"changed_date": "2014-06-30T07:53:44.929Z",
			"parent": null,
			"language": "en",
			"level": 0,
			"creation_date": "2014-06-30T07:53:25.698Z",
			"lft": 1,
			"tree_id": 28,
			"position": 0,
			"placeholder": 17,
			"plugin_type": "TextPlugin"
		}
	},
	{
		"pk": 29,
		"model": "cms.cmsplugin",
		"fields": {
			"rght": 2,
			"changed_date": "2014-06-30T07:54:13.373Z",
			"parent": null,
			"language": "en",
			"level": 0,
			"creation_date": "2014-06-30T07:54:01.735Z",
			"lft": 1,
			"tree_id": 29,
			"position": 0,
			"placeholder": 13,
			"plugin_type": "TextPlugin"
		}
	},
	{
		"pk": 30,
		"model": "cms.cmsplugin",
		"fields": {
			"rght": 2,
			"changed_date": "2014-06-30T07:54:22.321Z",
			"parent": null,
			"language": "en",
			"level": 0,
			"creation_date": "2014-06-30T07:54:01.735Z",
			"lft": 1,
			"tree_id": 30,
			"position": 0,
			"placeholder": 18,
			"plugin_type": "TextPlugin"
		}
	},
	{
		"pk": 31,
		"model": "cms.cmsplugin",
		"fields": {
			"rght": 2,
			"changed_date": "2014-06-30T09:32:43.356Z",
			"parent": null,
			"language": "en",
			"level": 0,
			"creation_date": "2014-06-30T08:01:18.460Z",
			"lft": 1,
			"tree_id": 31,
			"position": 0,
			"placeholder": 20,
			"plugin_type": "TextPlugin"
		}
	},
	{
		"pk": 32,
		"model": "cms.cmsplugin",
		"fields": {
			"rght": 6,
			"changed_date": "2014-06-30T09:32:53.793Z",
			"parent": null,
			"language": "en",
			"level": 0,
			"creation_date": "2014-06-30T08:06:05.082Z",
			"lft": 1,
			"tree_id": 32,
			"position": 1,
			"placeholder": 20,
			"plugin_type": "TextPlugin"
		}
	},
	{
		"pk": 33,
		"model": "cms.cmsplugin",
		"fields": {
			"rght": 2,
			"changed_date": "2014-06-30T08:09:51.003Z",
			"parent": null,
			"language": "en",
			"level": 0,
			"creation_date": "2014-06-30T08:09:31.945Z",
			"lft": 1,
			"tree_id": 33,
			"position": 1,
			"placeholder": 9,
			"plugin_type": "CMSLatestEntriesPlugin"
		}
	},
	{
		"pk": 34,
		"model": "cms.cmsplugin",
		"fields": {
			"rght": 2,
			"changed_date": "2014-06-30T08:10:01.953Z",
			"parent": null,
			"language": "en",
			"level": 0,
			"creation_date": "2014-06-30T07:42:12.812Z",
			"lft": 1,
			"tree_id": 34,
			"position": 0,
			"placeholder": 14,
			"plugin_type": "TextPlugin"
		}
	},
	{
		"pk": 35,
		"model": "cms.cmsplugin",
		"fields": {
			"rght": 2,
			"changed_date": "2014-06-30T08:10:01.944Z",
			"parent": null,
			"language": "en",
			"level": 0,
			"creation_date": "2014-06-30T08:09:31.945Z",
			"lft": 1,
			"tree_id": 35,
			"position": 1,
			"placeholder": 14,
			"plugin_type": "CMSLatestEntriesPlugin"
		}
	},
	{
		"pk": 36,
		"model": "cms.cmsplugin",
		"fields": {
			"rght": 2,
			"changed_date": "2014-06-30T09:32:28.019Z",
			"parent": null,
			"language": "en",
			"level": 0,
			"creation_date": "2014-06-30T09:03:41.211Z",
			"lft": 1,
			"tree_id": 36,
			"position": 0,
			"placeholder": 20,
			"plugin_type": "TextPlugin"
		}
	},
	{
		"pk": 37,
		"model": "cms.cmsplugin",
		"fields": {
			"rght": 4,
			"changed_date": "2014-06-30T09:34:55.823Z",
			"parent": null,
			"language": "en",
			"level": 0,
			"creation_date": "2014-06-30T09:04:02.625Z",
			"lft": 1,
			"tree_id": 37,
			"position": 2,
			"placeholder": 20,
			"plugin_type": "TextPlugin"
		}
	},
	{
		"pk": 39,
		"model": "cms.cmsplugin",
		"fields": {
			"rght": 3,
			"changed_date": "2014-06-30T09:32:28.022Z",
			"parent": 32,
			"language": "en",
			"level": 1,
			"creation_date": "2014-06-30T09:32:01.334Z",
			"lft": 2,
			"tree_id": 32,
			"position": 3,
			"placeholder": 20,
			"plugin_type": "LinkPlugin"
		}
	},
	{
		"pk": 40,
		"model": "cms.cmsplugin",
		"fields": {
			"rght": 3,
			"changed_date": "2014-06-30T09:34:51.130Z",
			"parent": 37,
			"language": "en",
			"level": 1,
			"creation_date": "2014-06-30T09:34:42.640Z",
			"lft": 2,
			"tree_id": 37,
			"position": null,
			"placeholder": 20,
			"plugin_type": "LinkPlugin"
		}
	},
	{
		"pk": 1,
		"model": "cms.page",
		"fields": {
			"rght": 2,
			"navigation_extenders": "",
			"site": 1,
			"creation_date": "2014-06-30T06:11:48.133Z",
			"lft": 1,
			"in_navigation": true,
			"reverse_id": null,
			"login_required": false,
			"created_by": "admin",
			"publication_end_date": null,
			"template": "cms_base.html",
			"tree_id": 1,
			"placeholders": [
				1
			],
			"changed_date": "2014-06-30T06:54:05.382Z",
			"limit_visibility_in_menu": null,
			"parent": null,
			"publisher_state": 0,
			"soft_root": false,
			"publication_date": "2014-06-30T06:47:49.773Z",
			"publisher_public": 5,
			"level": 0,
			"changed_by": "admin",
			"publisher_is_draft": true,
			"published": true
		}
	},
	{
		"pk": 2,
		"model": "cms.page",
		"fields": {
			"rght": 8,
			"navigation_extenders": "",
			"site": 1,
			"creation_date": "2014-06-30T06:46:53.066Z",
			"lft": 1,
			"in_navigation": true,
			"reverse_id": null,
			"login_required": false,
			"created_by": "admin",
			"publication_end_date": null,
			"template": "cms_base.html",
			"tree_id": 2,
			"placeholders": [
				2
			],
			"changed_date": "2014-06-30T07:36:55.444Z",
			"limit_visibility_in_menu": null,
			"parent": null,
			"publisher_state": 0,
			"soft_root": false,
			"publication_date": "2014-06-30T06:47:50.844Z",
			"publisher_public": 6,
			"level": 0,
			"changed_by": "admin",
			"publisher_is_draft": true,
			"published": true
		}
	},
	{
		"pk": 3,
		"model": "cms.page",
		"fields": {
			"rght": 6,
			"navigation_extenders": "",
			"site": 1,
			"creation_date": "2014-06-30T06:47:25.452Z",
			"lft": 1,
			"in_navigation": true,
			"reverse_id": null,
			"login_required": false,
			"created_by": "admin",
			"publication_end_date": null,
			"template": "cms_base.html",
			"tree_id": 3,
			"placeholders": [
				3
			],
			"changed_date": "2014-06-30T07:39:10.813Z",
			"limit_visibility_in_menu": null,
			"parent": null,
			"publisher_state": 0,
			"soft_root": false,
			"publication_date": "2014-06-30T06:47:51.741Z",
			"publisher_public": 7,
			"level": 0,
			"changed_by": "admin",
			"publisher_is_draft": true,
			"published": true
		}
	},
	{
		"pk": 4,
		"model": "cms.page",
		"fields": {
			"rght": 2,
			"navigation_extenders": "",
			"site": 1,
			"creation_date": "2014-06-30T06:47:36.655Z",
			"lft": 1,
			"in_navigation": true,
			"reverse_id": null,
			"login_required": false,
			"created_by": "admin",
			"publication_end_date": null,
			"template": "cms_base.html",
			"tree_id": 4,
			"placeholders": [
				4
			],
			"changed_date": "2014-06-30T07:40:56.956Z",
			"limit_visibility_in_menu": null,
			"parent": null,
			"publisher_state": 0,
			"soft_root": false,
			"publication_date": "2014-06-30T06:47:52.810Z",
			"publisher_public": 8,
			"level": 0,
			"changed_by": "admin",
			"publisher_is_draft": true,
			"published": true
		}
	},
	{
		"pk": 5,
		"model": "cms.page",
		"fields": {
			"rght": 2,
			"navigation_extenders": "",
			"site": 1,
			"creation_date": "2014-06-30T06:47:54.750Z",
			"lft": 1,
			"in_navigation": true,
			"reverse_id": null,
			"login_required": false,
			"created_by": "admin",
			"publication_end_date": null,
			"template": "cms_base.html",
			"tree_id": 5,
			"placeholders": [
				5
			],
			"changed_date": "2014-06-30T06:54:05.336Z",
			"limit_visibility_in_menu": null,
			"parent": null,
			"publisher_state": 0,
			"soft_root": false,
			"publication_date": "2014-06-30T06:47:49.773Z",
			"publisher_public": 1,
			"level": 0,
			"changed_by": "admin",
			"publisher_is_draft": false,
			"published": true
		}
	},
	{
		"pk": 6,
		"model": "cms.page",
		"fields": {
			"rght": 8,
			"navigation_extenders": "",
			"site": 1,
			"creation_date": "2014-06-30T06:47:55.822Z",
			"lft": 1,
			"in_navigation": true,
			"reverse_id": null,
			"login_required": false,
			"created_by": "admin",
			"publication_end_date": null,
			"template": "cms_base.html",
			"tree_id": 6,
			"placeholders": [
				6
			],
			"changed_date": "2014-06-30T07:36:55.414Z",
			"limit_visibility_in_menu": null,
			"parent": null,
			"publisher_state": 0,
			"soft_root": false,
			"publication_date": "2014-06-30T06:47:50.844Z",
			"publisher_public": 2,
			"level": 0,
			"changed_by": "admin",
			"publisher_is_draft": false,
			"published": true
		}
	},
	{
		"pk": 7,
		"model": "cms.page",
		"fields": {
			"rght": 6,
			"navigation_extenders": "",
			"site": 1,
			"creation_date": "2014-06-30T06:47:56.720Z",
			"lft": 1,
			"in_navigation": true,
			"reverse_id": null,
			"login_required": false,
			"created_by": "admin",
			"publication_end_date": null,
			"template": "cms_base.html",
			"tree_id": 7,
			"placeholders": [
				7
			],
			"changed_date": "2014-06-30T07:39:10.783Z",
			"limit_visibility_in_menu": null,
			"parent": null,
			"publisher_state": 0,
			"soft_root": false,
			"publication_date": "2014-06-30T06:47:51.741Z",
			"publisher_public": 3,
			"level": 0,
			"changed_by": "admin",
			"publisher_is_draft": false,
			"published": true
		}
	},
	{
		"pk": 8,
		"model": "cms.page",
		"fields": {
			"rght": 2,
			"navigation_extenders": "",
			"site": 1,
			"creation_date": "2014-06-30T06:47:57.782Z",
			"lft": 1,
			"in_navigation": true,
			"reverse_id": null,
			"login_required": false,
			"created_by": "admin",
			"publication_end_date": null,
			"template": "cms_base.html",
			"tree_id": 8,
			"placeholders": [
				8
			],
			"changed_date": "2014-06-30T07:40:56.911Z",
			"limit_visibility_in_menu": null,
			"parent": null,
			"publisher_state": 0,
			"soft_root": false,
			"publication_date": "2014-06-30T06:47:52.810Z",
			"publisher_public": 4,
			"level": 0,
			"changed_by": "admin",
			"publisher_is_draft": false,
			"published": true
		}
	},
	{
		"pk": 9,
		"model": "cms.page",
		"fields": {
			"rght": 3,
			"navigation_extenders": "",
			"site": 1,
			"creation_date": "2014-06-30T06:48:37.086Z",
			"lft": 2,
			"in_navigation": true,
			"reverse_id": null,
			"login_required": false,
			"created_by": "admin",
			"publication_end_date": null,
			"template": "cms_base.html",
			"tree_id": 2,
			"placeholders": [
				9
			],
			"changed_date": "2014-06-30T08:10:01.959Z",
			"limit_visibility_in_menu": null,
			"parent": 2,
			"publisher_state": 0,
			"soft_root": false,
			"publication_date": "2014-06-30T06:49:49.112Z",
			"publisher_public": 14,
			"level": 1,
			"changed_by": "admin",
			"publisher_is_draft": true,
			"published": true
		}
	},
	{
		"pk": 10,
		"model": "cms.page",
		"fields": {
			"rght": 5,
			"navigation_extenders": "",
			"site": 1,
			"creation_date": "2014-06-30T06:49:05.196Z",
			"lft": 4,
			"in_navigation": true,
			"reverse_id": null,
			"login_required": false,
			"created_by": "admin",
			"publication_end_date": null,
			"template": "cms_base.html",
			"tree_id": 2,
			"placeholders": [
				10
			],
			"changed_date": "2014-06-30T07:47:48.117Z",
			"limit_visibility_in_menu": null,
			"parent": 2,
			"publisher_state": 0,
			"soft_root": false,
			"publication_date": "2014-06-30T06:49:50.182Z",
			"publisher_public": 15,
			"level": 1,
			"changed_by": "admin",
			"publisher_is_draft": true,
			"published": true
		}
	},
	{
		"pk": 11,
		"model": "cms.page",
		"fields": {
			"rght": 7,
			"navigation_extenders": "",
			"site": 1,
			"creation_date": "2014-06-30T06:49:17.096Z",
			"lft": 6,
			"in_navigation": true,
			"reverse_id": null,
			"login_required": false,
			"created_by": "admin",
			"publication_end_date": null,
			"template": "cms_base.html",
			"tree_id": 2,
			"placeholders": [
				11
			],
			"changed_date": "2014-06-30T07:51:16.029Z",
			"limit_visibility_in_menu": null,
			"parent": 2,
			"publisher_state": 0,
			"soft_root": false,
			"publication_date": "2014-06-30T06:49:50.904Z",
			"publisher_public": 16,
			"level": 1,
			"changed_by": "admin",
			"publisher_is_draft": true,
			"published": true
		}
	},
	{
		"pk": 12,
		"model": "cms.page",
		"fields": {
			"rght": 3,
			"navigation_extenders": "",
			"site": 1,
			"creation_date": "2014-06-30T06:49:31.305Z",
			"lft": 2,
			"in_navigation": true,
			"reverse_id": null,
			"login_required": false,
			"created_by": "admin",
			"publication_end_date": null,
			"template": "cms_base.html",
			"tree_id": 3,
			"placeholders": [
				12
			],
			"changed_date": "2014-06-30T07:53:44.933Z",
			"limit_visibility_in_menu": null,
			"parent": 3,
			"publisher_state": 0,
			"soft_root": false,
			"publication_date": "2014-06-30T06:49:51.847Z",
			"publisher_public": 17,
			"level": 1,
			"changed_by": "admin",
			"publisher_is_draft": true,
			"published": true
		}
	},
	{
		"pk": 13,
		"model": "cms.page",
		"fields": {
			"rght": 5,
			"navigation_extenders": "",
			"site": 1,
			"creation_date": "2014-06-30T06:49:46.125Z",
			"lft": 4,
			"in_navigation": true,
			"reverse_id": null,
			"login_required": false,
			"created_by": "admin",
			"publication_end_date": null,
			"template": "cms_base.html",
			"tree_id": 3,
			"placeholders": [
				13
			],
			"changed_date": "2014-06-30T07:54:22.326Z",
			"limit_visibility_in_menu": null,
			"parent": 3,
			"publisher_state": 0,
			"soft_root": false,
			"publication_date": "2014-06-30T06:49:52.744Z",
			"publisher_public": 18,
			"level": 1,
			"changed_by": "admin",
			"publisher_is_draft": true,
			"published": true
		}
	},
	{
		"pk": 14,
		"model": "cms.page",
		"fields": {
			"rght": 3,
			"navigation_extenders": "",
			"site": 1,
			"creation_date": "2014-06-30T06:49:54.093Z",
			"lft": 2,
			"in_navigation": true,
			"reverse_id": null,
			"login_required": false,
			"created_by": "admin",
			"publication_end_date": null,
			"template": "cms_base.html",
			"tree_id": 6,
			"placeholders": [
				14
			],
			"changed_date": "2014-06-30T08:10:01.903Z",
			"limit_visibility_in_menu": null,
			"parent": 6,
			"publisher_state": 0,
			"soft_root": false,
			"publication_date": "2014-06-30T06:49:49.112Z",
			"publisher_public": 9,
			"level": 1,
			"changed_by": "admin",
			"publisher_is_draft": false,
			"published": true
		}
	},
	{
		"pk": 15,
		"model": "cms.page",
		"fields": {
			"rght": 5,
			"navigation_extenders": "",
			"site": 1,
			"creation_date": "2014-06-30T06:49:55.162Z",
			"lft": 4,
			"in_navigation": true,
			"reverse_id": null,
			"login_required": false,
			"created_by": "admin",
			"publication_end_date": null,
			"template": "cms_base.html",
			"tree_id": 6,
			"placeholders": [
				15
			],
			"changed_date": "2014-06-30T07:47:48.077Z",
			"limit_visibility_in_menu": null,
			"parent": 6,
			"publisher_state": 0,
			"soft_root": false,
			"publication_date": "2014-06-30T06:49:50.182Z",
			"publisher_public": 10,
			"level": 1,
			"changed_by": "admin",
			"publisher_is_draft": false,
			"published": true
		}
	},
	{
		"pk": 16,
		"model": "cms.page",
		"fields": {
			"rght": 7,
			"navigation_extenders": "",
			"site": 1,
			"creation_date": "2014-06-30T06:49:55.884Z",
			"lft": 6,
			"in_navigation": true,
			"reverse_id": null,
			"login_required": false,
			"created_by": "admin",
			"publication_end_date": null,
			"template": "cms_base.html",
			"tree_id": 6,
			"placeholders": [
				16
			],
			"changed_date": "2014-06-30T07:51:16.003Z",
			"limit_visibility_in_menu": null,
			"parent": 6,
			"publisher_state": 0,
			"soft_root": false,
			"publication_date": "2014-06-30T06:49:50.904Z",
			"publisher_public": 11,
			"level": 1,
			"changed_by": "admin",
			"publisher_is_draft": false,
			"published": true
		}
	},
	{
		"pk": 17,
		"model": "cms.page",
		"fields": {
			"rght": 3,
			"navigation_extenders": "",
			"site": 1,
			"creation_date": "2014-06-30T06:49:56.826Z",
			"lft": 2,
			"in_navigation": true,
			"reverse_id": null,
			"login_required": false,
			"created_by": "admin",
			"publication_end_date": null,
			"template": "cms_base.html",
			"tree_id": 7,
			"placeholders": [
				17
			],
			"changed_date": "2014-06-30T07:53:44.905Z",
			"limit_visibility_in_menu": null,
			"parent": 7,
			"publisher_state": 0,
			"soft_root": false,
			"publication_date": "2014-06-30T06:49:51.847Z",
			"publisher_public": 12,
			"level": 1,
			"changed_by": "admin",
			"publisher_is_draft": false,
			"published": true
		}
	},
	{
		"pk": 18,
		"model": "cms.page",
		"fields": {
			"rght": 5,
			"navigation_extenders": "",
			"site": 1,
			"creation_date": "2014-06-30T06:49:57.725Z",
			"lft": 4,
			"in_navigation": true,
			"reverse_id": null,
			"login_required": false,
			"created_by": "admin",
			"publication_end_date": null,
			"template": "cms_base.html",
			"tree_id": 7,
			"placeholders": [
				18
			],
			"changed_date": "2014-06-30T07:54:22.297Z",
			"limit_visibility_in_menu": null,
			"parent": 7,
			"publisher_state": 0,
			"soft_root": false,
			"publication_date": "2014-06-30T06:49:52.744Z",
			"publisher_public": 13,
			"level": 1,
			"changed_by": "admin",
			"publisher_is_draft": false,
			"published": true
		}
	},
	{
		"pk": 1,
		"model": "cms.title",
		"fields": {
			"menu_title": null,
			"redirect": null,
			"meta_keywords": null,
			"page_title": null,
			"language": "en",
			"title": "Home",
			"has_url_overwrite": false,
			"application_urls": null,
			"creation_date": "2014-06-30T06:11:48.146Z",
			"page": 1,
			"path": "",
			"meta_description": null,
			"slug": "home"
		}
	},
	{
		"pk": 2,
		"model": "cms.title",
		"fields": {
			"menu_title": null,
			"redirect": null,
			"meta_keywords": null,
			"page_title": null,
			"language": "en",
			"title": "About Us",
			"has_url_overwrite": false,
			"application_urls": null,
			"creation_date": "2014-06-30T06:46:53.078Z",
			"page": 2,
			"path": "about",
			"meta_description": null,
			"slug": "about"
		}
	},
	{
		"pk": 3,
		"model": "cms.title",
		"fields": {
			"menu_title": null,
			"redirect": null,
			"meta_keywords": null,
			"page_title": null,
			"language": "en",
			"title": "Programs",
			"has_url_overwrite": false,
			"application_urls": null,
			"creation_date": "2014-06-30T06:47:25.465Z",
			"page": 3,
			"path": "programs",
			"meta_description": null,
			"slug": "programs"
		}
	},
	{
		"pk": 4,
		"model": "cms.title",
		"fields": {
			"menu_title": null,
			"redirect": null,
			"meta_keywords": null,
			"page_title": null,
			"language": "en",
			"title": "Sponsors",
			"has_url_overwrite": false,
			"application_urls": null,
			"creation_date": "2014-06-30T06:47:36.668Z",
			"page": 4,
			"path": "sponsors",
			"meta_description": null,
			"slug": "sponsors"
		}
	},
	{
		"pk": 5,
		"model": "cms.title",
		"fields": {
			"menu_title": null,
			"redirect": null,
			"meta_keywords": null,
			"page_title": null,
			"language": "en",
			"title": "Home",
			"has_url_overwrite": false,
			"application_urls": null,
			"creation_date": "2014-06-30T06:11:48.146Z",
			"page": 5,
			"path": "",
			"meta_description": null,
			"slug": "home"
		}
	},
	{
		"pk": 6,
		"model": "cms.title",
		"fields": {
			"menu_title": null,
			"redirect": null,
			"meta_keywords": null,
			"page_title": null,
			"language": "en",
			"title": "About Us",
			"has_url_overwrite": false,
			"application_urls": null,
			"creation_date": "2014-06-30T06:46:53.078Z",
			"page": 6,
			"path": "about",
			"meta_description": null,
			"slug": "about"
		}
	},
	{
		"pk": 7,
		"model": "cms.title",
		"fields": {
			"menu_title": null,
			"redirect": null,
			"meta_keywords": null,
			"page_title": null,
			"language": "en",
			"title": "Programs",
			"has_url_overwrite": false,
			"application_urls": null,
			"creation_date": "2014-06-30T06:47:25.465Z",
			"page": 7,
			"path": "programs",
			"meta_description": null,
			"slug": "programs"
		}
	},
	{
		"pk": 8,
		"model": "cms.title",
		"fields": {
			"menu_title": null,
			"redirect": null,
			"meta_keywords": null,
			"page_title": null,
			"language": "en",
			"title": "Sponsors",
			"has_url_overwrite": false,
			"application_urls": null,
			"creation_date": "2014-06-30T06:47:36.668Z",
			"page": 8,
			"path": "sponsors",
			"meta_description": null,
			"slug": "sponsors"
		}
	},
	{
		"pk": 9,
		"model": "cms.title",
		"fields": {
			"menu_title": null,
			"redirect": null,
			"meta_keywords": null,
			"page_title": null,
			"language": "en",
			"title": "Jobs",
			"has_url_overwrite": false,
			"application_urls": null,
			"creation_date": "2014-06-30T06:48:37.099Z",
			"page": 9,
			"path": "about/jobs",
			"meta_description": null,
			"slug": "jobs"
		}
	},
	{
		"pk": 10,
		"model": "cms.title",
		"fields": {
			"menu_title": null,
			"redirect": null,
			"meta_keywords": null,
			"page_title": null,
			"language": "en",
			"title": "Contact Us",
			"has_url_overwrite": false,
			"application_urls": null,
			"creation_date": "2014-06-30T06:49:05.209Z",
			"page": 10,
			"path": "about/contact",
			"meta_description": null,
			"slug": "contact"
		}
	},
	{
		"pk": 11,
		"model": "cms.title",
		"fields": {
			"menu_title": null,
			"redirect": null,
			"meta_keywords": null,
			"page_title": null,
			"language": "en",
			"title": "Directions",
			"has_url_overwrite": false,
			"application_urls": null,
			"creation_date": "2014-06-30T06:49:17.109Z",
			"page": 11,
			"path": "about/directions",
			"meta_description": null,
			"slug": "directions"
		}
	},
	{
		"pk": 12,
		"model": "cms.title",
		"fields": {
			"menu_title": null,
			"redirect": null,
			"meta_keywords": null,
			"page_title": null,
			"language": "en",
			"title": "Juniors",
			"has_url_overwrite": false,
			"application_urls": null,
			"creation_date": "2014-06-30T06:49:31.318Z",
			"page": 12,
			"path": "programs/juniors",
			"meta_description": null,
			"slug": "juniors"
		}
	},
	{
		"pk": 13,
		"model": "cms.title",
		"fields": {
			"menu_title": null,
			"redirect": null,
			"meta_keywords": null,
			"page_title": null,
			"language": "en",
			"title": "Seniors",
			"has_url_overwrite": false,
			"application_urls": null,
			"creation_date": "2014-06-30T06:49:46.138Z",
			"page": 13,
			"path": "programs/seniors",
			"meta_description": null,
			"slug": "seniors"
		}
	},
	{
		"pk": 14,
		"model": "cms.title",
		"fields": {
			"menu_title": null,
			"redirect": null,
			"meta_keywords": null,
			"page_title": null,
			"language": "en",
			"title": "Jobs",
			"has_url_overwrite": false,
			"application_urls": null,
			"creation_date": "2014-06-30T06:48:37.099Z",
			"page": 14,
			"path": "about/jobs",
			"meta_description": null,
			"slug": "jobs"
		}
	},
	{
		"pk": 15,
		"model": "cms.title",
		"fields": {
			"menu_title": null,
			"redirect": null,
			"meta_keywords": null,
			"page_title": null,
			"language": "en",
			"title": "Contact Us",
			"has_url_overwrite": false,
			"application_urls": null,
			"creation_date": "2014-06-30T06:49:05.209Z",
			"page": 15,
			"path": "about/contact",
			"meta_description": null,
			"slug": "contact"
		}
	},
	{
		"pk": 16,
		"model": "cms.title",
		"fields": {
			"menu_title": null,
			"redirect": null,
			"meta_keywords": null,
			"page_title": null,
			"language": "en",
			"title": "Directions",
			"has_url_overwrite": false,
			"application_urls": null,
			"creation_date": "2014-06-30T06:49:17.109Z",
			"page": 16,
			"path": "about/directions",
			"meta_description": null,
			"slug": "directions"
		}
	},
	{
		"pk": 17,
		"model": "cms.title",
		"fields": {
			"menu_title": null,
			"redirect": null,
			"meta_keywords": null,
			"page_title": null,
			"language": "en",
			"title": "Juniors",
			"has_url_overwrite": false,
			"application_urls": null,
			"creation_date": "2014-06-30T06:49:31.318Z",
			"page": 17,
			"path": "programs/juniors",
			"meta_description": null,
			"slug": "juniors"
		}
	},
	{
		"pk": 18,
		"model": "cms.title",
		"fields": {
			"menu_title": null,
			"redirect": null,
			"meta_keywords": null,
			"page_title": null,
			"language": "en",
			"title": "Seniors",
			"has_url_overwrite": false,
			"application_urls": null,
			"creation_date": "2014-06-30T06:49:46.138Z",
			"page": 18,
			"path": "programs/seniors",
			"meta_description": null,
			"slug": "seniors"
		}
	},
	{
		"pk": 33,
		"model": "menus.cachekey",
		"fields": {
			"key": "menu_cache_menu_nodes_en_1_1_user",
			"site": 1,
			"language": "en"
		}
	},
	{
		"pk": 34,
		"model": "menus.cachekey",
		"fields": {
			"key": "menu_cache_menu_nodes_en_1",
			"site": 1,
			"language": "en"
		}
	},
	{
		"pk": 1,
		"model": "text.text",
		"fields": {
			"body": "<h1>Welcome to the Organice Demo Site!</h1><p>You can use the User Menu in the right upper corner to log in or register for an account. You can immediately modify the content of this website after logging in.</p>"
		}
	},
	{
		"pk": 2,
		"model": "text.text",
		"fields": {
			"body": "<h1>Latest News</h1>"
		}
	},
	{
		"pk": 4,
		"model": "text.text",
		"fields": {
			"body": "<h1>Welcome to the Organice Demo Site!</h1><p>You can use the User Menu in the right upper corner to log in or register for an account. You can immediately modify the content of this website after logging in.</p>"
		}
	},
	{
		"pk": 5,
		"model": "text.text",
		"fields": {
			"body": "<h1>Latest News</h1>"
		}
	},
	{
		"pk": 7,
		"model": "text.text",
		"fields": {
			"body": "<h1>About Us</h1><p>We are Demo Company. The greatest place on earth! That's what we are.</p>"
		}
	},
	{
		"pk": 8,
		"model": "text.text",
		"fields": {
			"body": "<h1>About Us</h1><p>We are Demo Company. The greatest place on earth! That's what we are.</p>"
		}
	},
	{
		"pk": 9,
		"model": "text.text",
		"fields": {
			"body": "<h1>Programs</h1><p>Demo Company is at the forefront of providing progressive education programs to all ages and skill levels, whether recreational or competitive, youth or adult.</p><p>At the heart of our programs there is always fun. This is the foundation of our work to develop world-class talents.</p>"
		}
	},
	{
		"pk": 10,
		"model": "text.text",
		"fields": {
			"body": "<h1>Programs</h1><p>Demo Company is at the forefront of providing progressive education programs to all ages and skill levels, whether recreational or competitive, youth or adult.</p><p>At the heart of our programs there is always fun. This is the foundation of our work to develop world-class talents.</p>"
		}
	},
	{
		"pk": 11,
		"model": "text.text",
		"fields": {
			"body": "<h1>Sponsors</h1><p>Please applaud our very special sponsors. Say \"thank you\" with us. They trust in us that we give our best.</p>"
		}
	},
	{
		"pk": 12,
		"model": "text.text",
		"fields": {
			"body": "<h2>Gold Sponsors</h2><p>...</p>"
		}
	},
	{
		"pk": 13,
		"model": "text.text",
		"fields": {
			"body": "<h2>Silver Sponsors</h2><p>...</p>"
		}
	},
	{
		"pk": 14,
		"model": "text.text",
		"fields": {
			"body": "<h1>Sponsors</h1><p>Please applaud our very special sponsors. Say \"thank you\" with us. They trust in us that we give our best.</p>"
		}
	},
	{
		"pk": 15,
		"model": "text.text",
		"fields": {
			"body": "<h2>Gold Sponsors</h2><p>...</p>"
		}
	},
	{
		"pk": 16,
		"model": "text.text",
		"fields": {
			"body": "<h2>Silver Sponsors</h2><p>...</p>"
		}
	},
	{
		"pk": 17,
		"model": "text.text",
		"fields": {
			"body": "<h1>Job Vacancies</h1><p>We're always looking for great talents. Do you also want to be part of a world-class team?</p>"
		}
	},
	{
		"pk": 19,
		"model": "text.text",
		"fields": {
			"body": "<h1>Office</h1><p>Demo Company street, 1a<br>12345 Isles of Scilly</p><p>Phone: +123 4567-890</p>"
		}
	},
	{
		"pk": 21,
		"model": "text.text",
		"fields": {
			"body": "<h2>Contact Form</h2>"
		}
	},
	{
		"pk": 22,
		"model": "text.text",
		"fields": {
			"body": "<h1>Office</h1><p>Demo Company street, 1a<br>12345 Isles of Scilly</p><p>Phone: +123 4567-890</p>"
		}
	},
	{
		"pk": 24,
		"model": "text.text",
		"fields": {
			"body": "<h2>Contact Form</h2>"
		}
	},
	{
		"pk": 27,
		"model": "text.text",
		"fields": {
			"body": "<h1>Juniors</h1><p>Training and education of our young stars.</p>"
		}
	},
	{
		"pk": 28,
		"model": "text.text",
		"fields": {
			"body": "<h1>Juniors</h1><p>Training and education of our young stars.</p>"
		}
	},
	{
		"pk": 29,
		"model": "text.text",
		"fields": {
			"body": "<h1>Seniors</h1><p>Recreational programs for retired professionals and hobbyists.</p>"
		}
	},
	{
		"pk": 30,
		"model": "text.text",
		"fields": {
			"body": "<h1>Seniors</h1><p>Recreational programs for retired professionals and hobbyists.</p>"
		}
	},
	{
		"pk": 31,
		"model": "text.text",
		"fields": {
			"body": "<p>We're looking for you. The best <strong>office manager (f/m)</strong> for a world-class team.</p><h3>Your Responsibilities</h3><ul><li>Answer phone calls, emails, and snail mail</li><li>Prepare our meeting facilities</li><li>Coordinate facility management staff</li><li>Be the nicest person in town -- <em>even when your boss has a bad day!</em></li></ul><h3>Your Qualifications</h3><ul><li>You're multilingual, ideally grown bilingual</li><li>You love communicating -- <em>\"small talk\" is your middle name!</em></li><li>You're funny, you're structured, and a computer freak</li></ul>"
		}
	},
	{
		"pk": 32,
		"model": "text.text",
		"fields": {
			"body": "<p>Do you find yourself in this job description? Then we should talk!</p><p>Send your CV to <img id=\"plugin_obj_39\" alt=\"Link \\u002D jobs@example.com\" title=\"Link \\u002D jobs@example.com\" src=\"/static/cms/images/plugins/link.png\">.</p>"
		}
	},
	{
		"pk": 34,
		"model": "text.text",
		"fields": {
			"body": "<h1>Job Vacancies</h1><p>We're always looking for great talents. Do you also want to be part of a world-class team?</p>"
		}
	},
	{
		"pk": 37,
		"model": "text.text",
		"fields": {
			"body": "<h2>Who We Are</h2><p>Demo Company is the leader in selling \ndreams and promises. What makes us different is we keep those promises.</p><p>Find more vacancies on our <img id=\"plugin_obj_40\" alt=\"Link \\u002D jobs page\" title=\"Link \\u002D jobs page\" src=\"/static/cms/images/plugins/link.png\">!</p>"
		}
	},
	{
		"pk": 39,
		"model": "link.link",
		"fields": {
			"url": "",
			"mailto": "jobs@example.com",
			"target": "",
			"name": "jobs@example.com",
			"page_link": null
		}
	},
	{
		"pk": 40,
		"model": "link.link",
		"fields": {
			"url": "",
			"mailto": "",
			"target": "",
			"name": "jobs page",
			"page_link": 9
		}
	},
	{
		"pk": 25,
		"model": "googlemap.googlemap",
		"fields": {
			"city": "Isles of Scilly",
			"title": "How You Find Us",
			"zoom": 12,
			"zipcode": "Isles of Scilly",
			"content": "",
			"width": "100%",
			"route_planer_title": "Calculate your fastest way to here",
			"route_planer": false,
			"address": "Isles of Scilly",
			"lat": null,
			"lng": null,
			"height": "400px"
		}
	},
	{
		"pk": 26,
		"model": "googlemap.googlemap",
		"fields": {
			"city": "Isles of Scilly",
			"title": "How You Find Us",
			"zoom": 12,
			"zipcode": "Isles of Scilly",
			"content": "",
			"width": "100%",
			"route_planer_title": "Calculate your fastest way to here",
			"route_planer": false,
			"address": "Isles of Scilly",
			"lat": null,
			"lng": null,
			"height": "400px"
		}
	},
	{
		"pk": 20,
		"model": "cmsplugin_contact.contact",
		"fields": {
			"content_label": "What you want to say",
			"subject_label": "Subject",
			"email_label": "Your email address",
			"recaptcha_theme": "clean",
			"site_email": "support@organice.io",
			"spam_protection_method": 0,
			"submit": "Send Email",
			"thanks": "<h2>Thank You!</h2><p>Thank you very much for your valuable interest in us!</p><p>We'll get back to you about your request as soon as possible.</p>",
			"akismet_api_key": "",
			"recaptcha_public_key": "",
			"recaptcha_private_key": ""
		}
	},
	{
		"pk": 23,
		"model": "cmsplugin_contact.contact",
		"fields": {
			"content_label": "What you want to say",
			"subject_label": "Subject",
			"email_label": "Your email address",
			"recaptcha_theme": "clean",
			"site_email": "support@organice.io",
			"spam_protection_method": 0,
			"submit": "Send Email",
			"thanks": "<h2>Thank You!</h2><p>Thank you very much for your valuable interest in us!</p><p>We'll get back to you about your request as soon as possible.</p>",
			"akismet_api_key": "",
			"recaptcha_public_key": "",
			"recaptcha_private_key": ""
		}
	},
	{
		"pk": 1,
		"model": "zinnia.category",
		"fields": {
			"rght": 2,
			"description": "Articles that are displayed in the Events section of our website.",
			"parent": null,
			"title": "Events",
			"level": 0,
			"lft": 1,
			"tree_id": 1,
			"slug": "events"
		}
	},
	{
		"pk": 2,
		"model": "zinnia.category",
		"fields": {
			"rght": 2,
			"description": "Quotes about us in newspapers, or press releases. These articles are listed in the Press section of our website.",
			"parent": null,
			"title": "Press",
			"level": 0,
			"lft": 1,
			"tree_id": 3,
			"slug": "press"
		}
	},
	{
		"pk": 3,
		"model": "zinnia.category",
		"fields": {
			"rght": 2,
			"description": "Job vacancies. Because everyone wants to work with us!",
			"parent": null,
			"title": "Jobs",
			"level": 0,
			"lft": 1,
			"tree_id": 2,
			"slug": "jobs"
		}
	},
	{
		"pk": 1,
		"model": "zinnia.author",
		"fields": {
			"username": "admin",
			"first_name": "",
			"last_name": "",
			"is_active": true,
			"is_superuser": true,
			"is_staff": true,
			"last_login": "2014-06-30T06:10:24.279Z",
			"groups": [],
			"user_permissions": [],
			"password": "pbkdf2_sha256$10000$qm6MAea1ojtm$LQr/cexkSY02jNov09VhEB7VzvF1+br0CnFAvxtrPOQ=",
			"email": "support@organice.io",
			"date_joined": "2014-06-30T06:08:28.024Z"
		}
	},
	{
		"pk": 1,
		"model": "zinnia.entry",
		"fields": {
			"content_template": "zinnia/_entry_detail.html",
			"detail_template": "entry_detail.html",
			"start_publication": null,
			"pingback_enabled": true,
			"excerpt": "We're looking for you. The best office manager (f/m) for a world-class team.",
			"related": [],
			"creation_date": "2014-06-30T15:00:00Z",
			"featured": false,
			"pingback_count": 0,
			"content_placeholder": 20,
			"trackback_count": 0,
			"comment_enabled": true,
			"title": "Office Manager",
			"login_required": false,
			"sites": [
				1
			],
			"last_update": "2014-06-30T08:07:10.540Z",
			"content": "<p>We're looking for you. The best <strong>office manager (f/m)</strong> for a world-class team.</p><h3>Your Responsibilities</h3><ul><li>Answer phone calls, emails, and snail mail</li><li>Prepare our meetings facilities</li><li>Coordinate facility management staff</li><li>Be the nicest person in town -- <em>even when your boss has a bad day!</em></li></ul><h3>Your Qualifications</h3><ul><li>You're multilingual, ideally grown bilingual</li><li>You love communicating -- <em>\"small talk\" is your middle name!</em></li><li>You're funny, you're structured, and a computer freak</li></ul><p>Do you find yourself in this job description? Then we should talk!</p><p>Send your CV to <strong>jobs@example.com</strong></p><h2>Who We Are</h2><p>Demo Company is the leader in selling \ndreams and promises. What makes us different is we keep those promises.</p>",
			"comment_count": 0,
			"trackback_enabled": true,
			"end_publication": null,
			"image": "",
			"status": 2,
			"tags": "",
			"authors": [
				1
			],
			"password": "",
			"slug": "office-manager",
			"categories": [
				3
			]
		}
	},
	{
		"pk": 3,
		"model": "cmsplugin_zinnia.latestentriesplugin",
		"fields": {
			"template_to_render": "cmsplugin_zinnia/entry_detail.html",
			"tags": [],
			"authors": [],
			"number_of_entries": 3,
			"featured": null,
			"subcategories": true,
			"offset": 0,
			"categories": []
		}
	},
	{
		"pk": 6,
		"model": "cmsplugin_zinnia.latestentriesplugin",
		"fields": {
			"template_to_render": "cmsplugin_zinnia/entry_detail.html",
			"tags": [],
			"authors": [],
			"number_of_entries": 3,
			"featured": null,
			"subcategories": true,
			"offset": 0,
			"categories": []
		}
	},
	{
		"pk": 33,
		"model": "cmsplugin_zinnia.latestentriesplugin",
		"fields": {
			"template_to_render": "cmsplugin_zinnia/entry_slider.html",
			"tags": [],
			"authors": [],
			"number_of_entries": 0,
			"featured": null,
			"subcategories": true,
			"offset": 0,
			"categories": [
				3
			]
		}
	},
	{
		"pk": 35,
		"model": "cmsplugin_zinnia.latestentriesplugin",
		"fields": {
			"template_to_render": "cmsplugin_zinnia/entry_slider.html",
			"tags": [],
			"authors": [],
			"number_of_entries": 0,
			"featured": null,
			"subcategories": true,
			"offset": 0,
			"categories": [
				3
			]
		}
	}
]
