[
	{
		"pk": 1,
		"model": "sites.site",
		"fields": {
			"domain": "demo.organice.io",
			"name": "Organice Demo"
		}
	},
	{
		"pk": 1,
		"model": "cms.placeholder",
		"fields": {
			"slot": "content",
			"default_width": null
		}
	},
	{
		"pk": 2,
		"model": "cms.placeholder",
		"fields": {
			"slot": "content",
			"default_width": null
		}
	},
	{
		"pk": 3,
		"model": "cms.placeholder",
		"fields": {
			"slot": "content",
			"default_width": null
		}
	},
	{
		"pk": 4,
		"model": "cms.placeholder",
		"fields": {
			"slot": "content",
			"default_width": null
		}
	},
	{
		"pk": 5,
		"model": "cms.placeholder",
		"fields": {
			"slot": "content",
			"default_width": null
		}
	},
	{
		"pk": 6,
		"model": "cms.placeholder",
		"fields": {
			"slot": "content",
			"default_width": null
		}
	},
	{
		"pk": 7,
		"model": "cms.placeholder",
		"fields": {
			"slot": "content",
			"default_width": null
		}
	},
	{
		"pk": 8,
		"model": "cms.placeholder",
		"fields": {
			"slot": "content",
			"default_width": null
		}
	},
	{
		"pk": 9,
		"model": "cms.placeholder",
		"fields": {
			"slot": "content",
			"default_width": null
		}
	},
	{
		"pk": 10,
		"model": "cms.placeholder",
		"fields": {
			"slot": "content",
			"default_width": null
		}
	},
	{
		"pk": 11,
		"model": "cms.placeholder",
		"fields": {
			"slot": "content",
			"default_width": null
		}
	},
	{
		"pk": 12,
		"model": "cms.placeholder",
		"fields": {
			"slot": "content",
			"default_width": null
		}
	},
	{
		"pk": 13,
		"model": "cms.placeholder",
		"fields": {
			"slot": "content",
			"default_width": null
		}
	},
	{
		"pk": 14,
		"model": "cms.placeholder",
		"fields": {
			"slot": "content",
			"default_width": null
		}
	},
	{
		"pk": 15,
		"model": "cms.placeholder",
		"fields": {
			"slot": "content",
			"default_width": null
		}
	},
	{
		"pk": 16,
		"model": "cms.placeholder",
		"fields": {
			"slot": "content",
			"default_width": null
		}
	},
	{
		"pk": 17,
		"model": "cms.placeholder",
		"fields": {
			"slot": "content",
			"default_width": null
		}
	},
	{
		"pk": 18,
		"model": "cms.placeholder",
		"fields": {
			"slot": "content",
			"default_width": null
		}
	},
	{
		"pk": 19,
		"model": "cms.placeholder",
		"fields": {
			"slot": "content",
			"default_width": null
		}
	},
	{
		"pk": 20,
		"model": "cms.placeholder",
		"fields": {
			"slot": "content",
			"default_width": null
		}
	},
	{
		"pk": 1,
		"model": "cms.cmsplugin",
		"fields": {
			"rght": 2,
			"changed_date": "2014-06-30T06:52:37.894Z",
			"parent": null,
			"language": "en",
			"level": 0,
			"creation_date": "2014-06-30T06:52:11.159Z",
			"lft": 1,
			"tree_id": 1,
			"position": 0,
			"placeholder": 1,
			"plugin_type": "TextPlugin"
		}
	},
	{
		"pk": 2,
		"model": "cms.cmsplugin",
		"fields": {
			"rght": 2,
			"changed_date": "2014-06-30T06:53:16.527Z",
			"parent": null,
			"language": "en",
			"level": 0,
			"creation_date": "2014-06-30T06:52:57.276Z",
			"lft": 1,
			"tree_id": 2,
			"position": 1,
			"placeholder": 1,
			"plugin_type": "TextPlugin"
		}
	},
	{
		"pk": 3,
		"model": "cms.cmsplugin",
		"fields": {
			"rght": 2,
			"changed_date": "2014-06-30T06:53:52.378Z",
			"parent": null,
			"language": "en",
			"level": 0,
			"creation_date": "2014-06-30T06:53:27.708Z",
			"lft": 1,
			"tree_id": 3,
			"position": 2,
			"placeholder": 1,
			"plugin_type": "CMSLatestEntriesPlugin"
		}
	},
	{
		"pk": 4,
		"model": "cms.cmsplugin",
		"fields": {
			"rght": 2,
			"changed_date": "2014-06-30T06:54:05.373Z",
			"parent": null,
			"language": "en",
			"level": 0,
			"creation_date": "2014-06-30T06:52:11.159Z",
			"lft": 1,
			"tree_id": 4,
			"position": 0,
			"placeholder": 5,
			"plugin_type": "TextPlugin"
		}
	},
	{
		"pk": 5,
		"model": "cms.cmsplugin",
		"fields": {
			"rght": 2,
			"changed_date": "2014-06-30T06:54:05.377Z",
			"parent": null,
			"language": "en",
			"level": 0,
			"creation_date": "2014-06-30T06:52:57.276Z",
			"lft": 1,
			"tree_id": 5,
			"position": 1,
			"placeholder": 5,
			"plugin_type": "TextPlugin"
		}
	},
	{
		"pk": 6,
		"model": "cms.cmsplugin",
		"fields": {
			"rght": 2,
			"changed_date": "2014-06-30T06:54:05.365Z",
			"parent": null,
			"language": "en",
			"level": 0,
			"creation_date": "2014-06-30T06:53:27.708Z",
			"lft": 1,
			"tree_id": 6,
			"position": 2,
			"placeholder": 5,
			"plugin_type": "CMSLatestEntriesPlugin"
		}
	},
	{
		"pk": 7,
		"model": "cms.cmsplugin",
		"fields": {
			"rght": 2,
			"changed_date": "2014-06-30T07:36:26.855Z",
			"parent": null,
			"language": "en",
			"level": 0,
			"creation_date": "2014-06-30T07:36:07.690Z",
			"lft": 1,
			"tree_id": 7,
			"position": 0,
			"placeholder": 2,
			"plugin_type": "TextPlugin"
		}
	},
	{
		"pk": 8,
		"model": "cms.cmsplugin",
		"fields": {
			"rght": 2,
			"changed_date": "2014-06-30T07:36:55.439Z",
			"parent": null,
			"language": "en",
			"level": 0,
			"creation_date": "2014-06-30T07:36:07.690Z",
			"lft": 1,
			"tree_id": 8,
			"position": 0,
			"placeholder": 6,
			"plugin_type": "TextPlugin"
		}
	},
	{
		"pk": 9,
		"model": "cms.cmsplugin",
		"fields": {
			"rght": 2,
			"changed_date": "2014-06-30T07:38:33.350Z",
			"parent": null,
			"language": "en",
			"level": 0,
			"creation_date": "2014-06-30T07:37:34.312Z",
			"lft": 1,
			"tree_id": 9,
			"position": 0,
			"placeholder": 3,
			"plugin_type": "TextPlugin"
		}
	},
	{
		"pk": 10,
		"model": "cms.cmsplugin",
		"fields": {
			"rght": 2,
			"changed_date": "2014-06-30T07:39:10.808Z",
			"parent": null,
			"language": "en",
			"level": 0,
			"creation_date": "2014-06-30T07:37:34.312Z",
			"lft": 1,
			"tree_id": 10,
			"position": 0,
			"placeholder": 7,
			"plugin_type": "TextPlugin"
		}
	},
	{
		"pk": 11,
		"model": "cms.cmsplugin",
		"fields": {
			"rght": 2,
			"changed_date": "2014-06-30T07:39:43.299Z",
			"parent": null,
			"language": "en",
			"level": 0,
			"creation_date": "2014-06-30T07:39:24.434Z",
			"lft": 1,
			"tree_id": 11,
			"position": 0,
			"placeholder": 4,
			"plugin_type": "TextPlugin"
		}
	},
	{
		"pk": 12,
		"model": "cms.cmsplugin",
		"fields": {
			"rght": 2,
			"changed_date": "2014-06-30T07:40:17.658Z",
			"parent": null,
			"language": "en",
			"level": 0,
			"creation_date": "2014-06-30T07:40:01.916Z",
			"lft": 1,
			"tree_id": 12,
			"position": 1,
			"placeholder": 4,
			"plugin_type": "TextPlugin"
		}
	},
	{
		"pk": 13,
		"model": "cms.cmsplugin",
		"fields": {
			"rght": 2,
			"changed_date": "2014-06-30T07:40:47.941Z",
			"parent": null,
			"language": "en",
			"level": 0,
			"creation_date": "2014-06-30T07:40:26.454Z",
			"lft": 1,
			"tree_id": 13,
			"position": 2,
			"placeholder": 4,
			"plugin_type": "TextPlugin"
		}
	},
	{
		"pk": 14,
		"model": "cms.cmsplugin",
		"fields": {
			"rght": 2,
			"changed_date": "2014-06-30T07:40:56.944Z",
			"parent": null,
			"language": "en",
			"level": 0,
			"creation_date": "2014-06-30T07:39:24.434Z",
			"lft": 1,
			"tree_id": 14,
			"position": 0,
			"placeholder": 8,
			"plugin_type": "TextPlugin"
		}
	},
	{
		"pk": 15,
		"model": "cms.cmsplugin",
		"fields": {
			"rght": 2,
			"changed_date": "2014-06-30T07:40:56.948Z",
			"parent": null,
			"language": "en",
			"level": 0,
			"creation_date": "2014-06-30T07:40:01.916Z",
			"lft": 1,
			"tree_id": 15,
			"position": 1,
			"placeholder": 8,
			"plugin_type": "TextPlugin"
		}
	},
	{
		"pk": 16,
		"model": "cms.cmsplugin",
		"fields": {
			"rght": 2,
			"changed_date": "2014-06-30T07:40:56.951Z",
			"parent": null,
			"language": "en",
			"level": 0,
			"creation_date": "2014-06-30T07:40:26.454Z",
			"lft": 1,
			"tree_id": 16,
			"position": 2,
			"placeholder": 8,
			"plugin_type": "TextPlugin"
		}
	},
	{
		"pk": 17,
		"model": "cms.cmsplugin",
		"fields": {
			"rght": 2,
			"changed_date": "2014-06-30T07:42:52.266Z",
			"parent": null,
			"language": "en",
			"level": 0,
			"creation_date": "2014-06-30T07:42:12.812Z",
			"lft": 1,
			"tree_id": 17,
			"position": 0,
			"placeholder": 9,
			"plugin_type": "TextPlugin"
		}
	},
	{
		"pk": 19,
		"model": "cms.cmsplugin",
		"fields": {
			"rght": 2,
			"changed_date": "2014-06-30T07:43:50.007Z",
			"parent": null,
			"language": "en",
			"level": 0,
			"creation_date": "2014-06-30T07:43:27.167Z",
			"lft": 1,
			"tree_id": 19,
			"position": 0,
			"placeholder": 10,
			"plugin_type": "TextPlugin"
		}
	},
	{
		"pk": 20,
		"model": "cms.cmsplugin",
		"fields": {
			"rght": 2,
			"changed_date": "2014-06-30T07:47:31.144Z",
			"parent": null,
			"language": "en",
			"level": 0,
			"creation_date": "2014-06-30T07:44:15.309Z",
			"lft": 1,
			"tree_id": 20,
			"position": 2,
			"placeholder": 10,
			"plugin_type": "ContactPlugin"
		}
	},
	{
		"pk": 21,
		"model": "cms.cmsplugin",
		"fields": {
			"rght": 2,
			"changed_date": "2014-06-30T07:47:31.110Z",
			"parent": null,
			"language": "en",
			"level": 0,
			"creation_date": "2014-06-30T07:47:11.743Z",
			"lft": 1,
			"tree_id": 21,
			"position": 1,
			"placeholder": 10,
			"plugin_type": "TextPlugin"
		}
	},
	{
		"pk": 22,
		"model": "cms.cmsplugin",
		"fields": {
			"rght": 2,
			"changed_date": "2014-06-30T07:47:48.108Z",
			"parent": null,
			"language": "en",
			"level": 0,
			"creation_date": "2014-06-30T07:43:27.167Z",
			"lft": 1,
			"tree_id": 22,
			"position": 0,
			"placeholder": 15,
			"plugin_type": "TextPlugin"
		}
	},
	{
		"pk": 23,
		"model": "cms.cmsplugin",
		"fields": {
			"rght": 2,
			"changed_date": "2014-06-30T07:47:48.100Z",
			"parent": null,
			"language": "en",
			"level": 0,
			"creation_date": "2014-06-30T07:44:15.309Z",
			"lft": 1,
			"tree_id": 23,
			"position": 2,
			"placeholder": 15,
			"plugin_type": "ContactPlugin"
		}
	},
	{
		"pk": 24,
		"model": "cms.cmsplugin",
		"fields": {
			"rght": 2,
			"changed_date": "2014-06-30T07:47:48.112Z",
			"parent": null,
			"language": "en",
			"level": 0,
			"creation_date": "2014-06-30T07:47:11.743Z",
			"lft": 1,
			"tree_id": 24,
			"position": 1,
			"placeholder": 15,
			"plugin_type": "TextPlugin"
		}
	},
	{
		"pk": 25,
		"model": "cms.cmsplugin",
		"fields": {
			"rght": 2,
			"changed_date": "2014-06-30T07:50:53.087Z",
			"parent": null,
			"language": "en",
			"level": 0,
			"creation_date": "2014-06-30T07:49:29.479Z",
			"lft": 1,
			"tree_id": 25,
			"position": 0,
			"placeholder": 11,
			"plugin_type": "GoogleMapPlugin"
		}
	},
	{
		"pk": 26,
		"model": "cms.cmsplugin",
		"fields": {
			"rght": 2,
			"changed_date": "2014-06-30T07:51:16.023Z",
			"parent": null,
			"language": "en",
			"level": 0,
			"creation_date": "2014-06-30T07:49:29.479Z",
			"lft": 1,
			"tree_id": 26,
			"position": 0,
			"placeholder": 16,
			"plugin_type": "GoogleMapPlugin"
		}
	},
	{
		"pk": 27,
		"model": "cms.cmsplugin",
		"fields": {
			"rght": 2,
			"changed_date": "2014-06-30T07:53:40.358Z",
			"parent": null,
			"language": "en",
			"level": 0,
			"creation_date": "2014-06-30T07:53:25.698Z",
			"lft": 1,
			"tree_id": 27,
			"position": 0,
			"placeholder": 12,
			"plugin_type": "TextPlugin"
		}
	},
	{
		"pk": 28,
		"model": "cms.cmsplugin",
		"fields": {
			"rght": 2,
			"changed_date": "2014-06-30T07:53:44.929Z",
			"parent": null,
			"language": "en",
			"level": 0,
			"creation_date": "2014-06-30T07:53:25.698Z",
			"lft": 1,
			"tree_id": 28,
			"position": 0,
			"placeholder": 17,
			"plugin_type": "TextPlugin"
		}
	},
	{
		"pk": 29,
		"model": "cms.cmsplugin",
		"fields": {
			"rght": 2,
			"changed_date": "2014-06-30T07:54:13.373Z",
			"parent": null,
			"language": "en",
			"level": 0,
			"creation_date": "2014-06-30T07:54:01.735Z",
			"lft": 1,
			"tree_id": 29,
			"position": 0,
			"placeholder": 13,
			"plugin_type": "TextPlugin"
		}
	},
	{
		"pk": 30,
		"model": "cms.cmsplugin",
		"fields": {
			"rght": 2,
			"changed_date": "2014-06-30T07:54:22.321Z",
			"parent": null,
			"language": "en",
			"level": 0,
			"creation_date": "2014-06-30T07:54:01.735Z",
			"lft": 1,
			"tree_id": 30,
			"position": 0,
			"placeholder": 18,
			"plugin_type": "TextPlugin"
		}
	},
	{
		"pk": 31,
		"model": "cms.cmsplugin",
		"fields": {
			"rght": 2,
			"changed_date": "2014-06-30T09:32:43.356Z",
			"parent": null,
			"language": "en",
			"level": 0,
			"creation_date": "2014-06-30T08:01:18.460Z",
			"lft": 1,
			"tree_id": 31,
			"position": 0,
			"placeholder": 20,
			"plugin_type": "TextPlugin"
		}
	},
	{
		"pk": 32,
		"model": "cms.cmsplugin",
		"fields": {
			"rght": 6,
			"changed_date": "2014-06-30T09:32:53.793Z",
			"parent": null,
			"language": "en",
			"level": 0,
			"creation_date": "2014-06-30T08:06:05.082Z",
			"lft": 1,
			"tree_id": 32,
			"position": 1,
			"placeholder": 20,
			"plugin_type": "TextPlugin"
		}
	},
	{
		"pk": 33,
		"model": "cms.cmsplugin",
		"fields": {
			"rght": 2,
			"changed_date": "2014-06-30T08:09:51.003Z",
			"parent": null,
			"language": "en",
			"level": 0,
			"creation_date": "2014-06-30T08:09:31.945Z",
			"lft": 1,
			"tree_id": 33,
			"position": 1,
			"placeholder": 9,
			"plugin_type": "CMSLatestEntriesPlugin"
		}
	},
	{
		"pk": 34,
		"model": "cms.cmsplugin",
		"fields": {
			"rght": 2,
			"changed_date": "2014-06-30T08:10:01.953Z",
			"parent": null,
			"language": "en",
			"level": 0,
			"creation_date": "2014-06-30T07:42:12.812Z",
			"lft": 1,
			"tree_id": 34,
			"position": 0,
			"placeholder": 14,
			"plugin_type": "TextPlugin"
		}
	},
	{
		"pk": 35,
		"model": "cms.cmsplugin",
		"fields": {
			"rght": 2,
			"changed_date": "2014-06-30T08:10:01.944Z",
			"parent": null,
			"language": "en",
			"level": 0,
			"creation_date": "2014-06-30T08:09:31.945Z",
			"lft": 1,
			"tree_id": 35,
			"position": 1,
			"placeholder": 14,
			"plugin_type": "CMSLatestEntriesPlugin"
		}
	},
	{
		"pk": 36,
		"model": "cms.cmsplugin",
		"fields": {
			"rght": 2,
			"changed_date": "2014-06-30T09:32:28.019Z",
			"parent": null,
			"language": "en",
			"level": 0,
			"creation_date": "2014-06-30T09:03:41.211Z",
			"lft": 1,
			"tree_id": 36,
			"position": 0,
			"placeholder": 20,
			"plugin_type": "TextPlugin"
		}
	},
	{
		"pk": 37,
		"model": "cms.cmsplugin",
		"fields": {
			"rght": 4,
			"changed_date": "2014-06-30T09:34:55.823Z",
			"parent": null,
			"language": "en",
			"level": 0,
			"creation_date": "2014-06-30T09:04:02.625Z",
			"lft": 1,
			"tree_id": 37,
			"position": 2,
			"placeholder": 20,
			"plugin_type": "TextPlugin"
		}
	},
	{
		"pk": 39,
		"model": "cms.cmsplugin",
		"fields": {
			"rght": 3,
			"changed_date": "2014-06-30T09:32:28.022Z",
			"parent": 32,
			"language": "en",
			"level": 1,
			"creation_date": "2014-06-30T09:32:01.334Z",
			"lft": 2,
			"tree_id": 32,
			"position": 3,
			"placeholder": 20,
			"plugin_type": "LinkPlugin"
		}
	},
	{
		"pk": 40,
		"model": "cms.cmsplugin",
		"fields": {
			"rght": 3,
			"changed_date": "2014-06-30T09:34:51.130Z",
			"parent": 37,
			"language": "en",
			"level": 1,
			"creation_date": "2014-06-30T09:34:42.640Z",
			"lft": 2,
			"tree_id": 37,
			"position": null,
			"placeholder": 20,
			"plugin_type": "LinkPlugin"
		}
	},
	{
		"pk": 1,
		"model": "cms.page",
		"fields": {
			"rght": 2,
			"navigation_extenders": "",
			"site": 1,
			"creation_date": "2014-06-30T06:11:48.133Z",
			"lft": 1,
			"in_navigation": true,
			"reverse_id": null,
			"login_required": false,
			"created_by": "admin",
			"publication_end_date": null,
			"template": "cms_base.html",
			"tree_id": 1,
			"placeholders": [
				1
			],
			"changed_date": "2014-06-30T06:54:05.382Z",
			"limit_visibility_in_menu": null,
			"parent": null,
			"publisher_state": 0,
			"soft_root": false,
			"publication_date": "2014-06-30T06:47:49.773Z",
			"publisher_public": 5,
			"level": 0,
			"changed_by": "admin",
			"publisher_is_draft": true,
			"published": true
		}
	},
	{
		"pk": 2,
		"model": "cms.page",
		"fields": {
			"rght": 8,
			"navigation_extenders": "",
			"site": 1,
			"creation_date": "2014-06-30T06:46:53.066Z",
			"lft": 1,
			"in_navigation": true,
			"reverse_id": null,
			"login_required": false,
			"created_by": "admin",
			"publication_end_date": null,
			"template": "cms_base.html",
			"tree_id": 2,
			"placeholders": [
				2
			],
			"changed_date": "2014-06-30T07:36:55.444Z",
			"limit_visibility_in_menu": null,
			"parent": null,
			"publisher_state": 0,
			"soft_root": false,
			"publication_date": "2014-06-30T06:47:50.844Z",
			"publisher_public": 6,
			"level": 0,
			"changed_by": "admin",
			"publisher_is_draft": true,
			"published": true
		}
	},
	{
		"pk": 3,
		"model": "cms.page",
		"fields": {
			"rght": 6,
			"navigation_extenders": "",
			"site": 1,
			"creation_date": "2014-06-30T06:47:25.452Z",
			"lft": 1,
			"in_navigation": true,
			"reverse_id": null,
			"login_required": false,
			"created_by": "admin",
			"publication_end_date": null,
			"template": "cms_base.html",
			"tree_id": 3,
			"placeholders": [
				3
			],
			"changed_date": "2014-06-30T07:39:10.813Z",
			"limit_visibility_in_menu": null,
			"parent": null,
			"publisher_state": 0,
			"soft_root": false,
			"publication_date": "2014-06-30T06:47:51.741Z",
			"publisher_public": 7,
			"level": 0,
			"changed_by": "admin",
			"publisher_is_draft": true,
			"published": true
		}
	},
	{
		"pk": 4,
		"model": "cms.page",
		"fields": {
			"rght": 2,
			"navigation_extenders": "",
			"site": 1,
			"creation_date": "2014-06-30T06:47:36.655Z",
			"lft": 1,
			"in_navigation": true,
			"reverse_id": null,
			"login_required": false,
			"created_by": "admin",
			"publication_end_date": null,
			"template": "cms_base.html",
			"tree_id": 4,
			"placeholders": [
				4
			],
			"changed_date": "2014-06-30T07:40:56.956Z",
			"limit_visibility_in_menu": null,
			"parent": null,
			"publisher_state": 0,
			"soft_root": false,
			"publication_date": "2014-06-30T06:47:52.810Z",
			"publisher_public": 8,
			"level": 0,
			"changed_by": "admin",
			"publisher_is_draft": true,
			"published": true
		}
	},
	{
		"pk": 5,
		"model": "cms.page",
		"fields": {
			"rght": 2,
			"navigation_extenders": "",
			"site": 1,
			"creation_date": "2014-06-30T06:47:54.750Z",
			"lft": 1,
			"in_navigation": true,
			"reverse_id": null,
			"login_required": false,
			"created_by": "admin",
			"publication_end_date": null,
			"template": "cms_base.html",
			"tree_id": 5,
			"placeholders": [
				5
			],
			"changed_date": "2014-06-30T06:54:05.336Z",
			"limit_visibility_in_menu": null,
			"parent": null,
			"publisher_state": 0,
			"soft_root": false,
			"publication_date": "2014-06-30T06:47:49.773Z",
			"publisher_public": 1,
			"level": 0,
			"changed_by": "admin",
			"publisher_is_draft": false,
			"published": true
		}
	},
	{
		"pk": 6,
		"model": "cms.page",
		"fields": {
			"rght": 8,
			"navigation_extenders": "",
			"site": 1,
			"creation_date": "2014-06-30T06:47:55.822Z",
			"lft": 1,
			"in_navigation": true,
			"reverse_id": null,
			"login_required": false,
			"created_by": "admin",
			"publication_end_date": null,
			"template": "cms_base.html",
			"tree_id": 6,
			"placeholders": [
				6
			],
			"changed_date": "2014-06-30T07:36:55.414Z",
			"limit_visibility_in_menu": null,
			"parent": null,
			"publisher_state": 0,
			"soft_root": false,
			"publication_date": "2014-06-30T06:47:50.844Z",
			"publisher_public": 2,
			"level": 0,
			"changed_by": "admin",
			"publisher_is_draft": false,
			"published": true
		}
	},
	{
		"pk": 7,
		"model": "cms.page",
		"fields": {
			"rght": 6,
			"navigation_extenders": "",
			"site": 1,
			"creation_date": "2014-06-30T06:47:56.720Z",
			"lft": 1,
			"in_navigation": true,
			"reverse_id": null,
			"login_required": false,
			"created_by": "admin",
			"publication_end_date": null,
			"template": "cms_base.html",
			"tree_id": 7,
			"placeholders": [
				7
			],
			"changed_date": "2014-06-30T07:39:10.783Z",
			"limit_visibility_in_menu": null,
			"parent": null,
			"publisher_state": 0,
			"soft_root": false,
			"publication_date": "2014-06-30T06:47:51.741Z",
			"publisher_public": 3,
			"level": 0,
			"changed_by": "admin",
			"publisher_is_draft": false,
			"published": true
		}
	},
	{
		"pk": 8,
		"model": "cms.page",
		"fields": {
			"rght": 2,
			"navigation_extenders": "",
			"site": 1,
			"creation_date": "2014-06-30T06:47:57.782Z",
			"lft": 1,
			"in_navigation": true,
			"reverse_id": null,
			"login_required": false,
			"created_by": "admin",
			"publication_end_date": null,
			"template": "cms_base.html",
			"tree_id": 8,
			"placeholders": [
				8
			],
			"changed_date": "2014-06-30T07:40:56.911Z",
			"limit_visibility_in_menu": null,
			"parent": null,
			"publisher_state": 0,
			"soft_root": false,
			"publication_date": "2014-06-30T06:47:52.810Z",
			"publisher_public": 4,
			"level": 0,
			"changed_by": "admin",
			"publisher_is_draft": false,
			"published": true
		}
	},
	{
		"pk": 9,
		"model": "cms.page",
		"fields": {
			"rght": 3,
			"navigation_extenders": "",
			"site": 1,
			"creation_date": "2014-06-30T06:48:37.086Z",
			"lft": 2,
			"in_navigation": true,
			"reverse_id": null,
			"login_required": false,
			"created_by": "admin",
			"publication_end_date": null,
			"template": "cms_base.html",
			"tree_id": 2,
			"placeholders": [
				9
			],
			"changed_date": "2014-06-30T08:10:01.959Z",
			"limit_visibility_in_menu": null,
			"parent": 2,
			"publisher_state": 0,
			"soft_root": false,
			"publication_date": "2014-06-30T06:49:49.112Z",
			"publisher_public": 14,
			"level": 1,
			"changed_by": "admin",
			"publisher_is_draft": true,
			"published": true
		}
	},
	{
		"pk": 10,
		"model": "cms.page",
		"fields": {
			"rght": 5,
			"navigation_extenders": "",
			"site": 1,
			"creation_date": "2014-06-30T06:49:05.196Z",
			"lft": 4,
			"in_navigation": true,
			"reverse_id": null,
			"login_required": false,
			"created_by": "admin",
			"publication_end_date": null,
			"template": "cms_base.html",
			"tree_id": 2,
			"placeholders": [
				10
			],
			"changed_date": "2014-06-30T07:47:48.117Z",
			"limit_visibility_in_menu": null,
			"parent": 2,
			"publisher_state": 0,
			"soft_root": false,
			"publication_date": "2014-06-30T06:49:50.182Z",
			"publisher_public": 15,
			"level": 1,
			"changed_by": "admin",
			"publisher_is_draft": true,
			"published": true
		}
	},
	{
		"pk": 11,
		"model": "cms.page",
		"fields": {
			"rght": 7,
			"navigation_extenders": "",
			"site": 1,
			"creation_date": "2014-06-30T06:49:17.096Z",
			"lft": 6,
			"in_navigation": true,
			"reverse_id": null,
			"login_required": false,
			"created_by": "admin",
			"publication_end_date": null,
			"template": "cms_base.html",
			"tree_id": 2,
			"placeholders": [
				11
			],
			"changed_date": "2014-06-30T07:51:16.029Z",
			"limit_visibility_in_menu": null,
			"parent": 2,
			"publisher_state": 0,
			"soft_root": false,
			"publication_date": "2014-06-30T06:49:50.904Z",
			"publisher_public": 16,
			"level": 1,
			"changed_by": "admin",
			"publisher_is_draft": true,
			"published": true
		}
	},
	{
		"pk": 12,
		"model": "cms.page",
		"fields": {
			"rght": 3,
			"navigation_extenders": "",
			"site": 1,
			"creation_date": "2014-06-30T06:49:31.305Z",
			"lft": 2,
			"in_navigation": true,
			"reverse_id": null,
			"login_required": false,
			"created_by": "admin",
			"publication_end_date": null,
			"template": "cms_base.html",
			"tree_id": 3,
			"placeholders": [
				12
			],
			"changed_date": "2014-06-30T07:53:44.933Z",
			"limit_visibility_in_menu": null,
			"parent": 3,
			"publisher_state": 0,
			"soft_root": false,
			"publication_date": "2014-06-30T06:49:51.847Z",
			"publisher_public": 17,
			"level": 1,
			"changed_by": "admin",
			"publisher_is_draft": true,
			"published": true
		}
	},
	{
		"pk": 13,
		"model": "cms.page",
		"fields": {
			"rght": 5,
			"navigation_extenders": "",
			"site": 1,
			"creation_date": "2014-06-30T06:49:46.125Z",
			"lft": 4,
			"in_navigation": true,
			"reverse_id": null,
			"login_required": false,
			"created_by": "admin",
			"publication_end_date": null,
			"template": "cms_base.html",
			"tree_id": 3,
			"placeholders": [
				13
			],
			"changed_date": "2014-06-30T07:54:22.326Z",
			"limit_visibility_in_menu": null,
			"parent": 3,
			"publisher_state": 0,
			"soft_root": false,
			"publication_date": "2014-06-30T06:49:52.744Z",
			"publisher_public": 18,
			"level": 1,
			"changed_by": "admin",
			"publisher_is_draft": true,
			"published": true
		}
	},
	{
		"pk": 14,
		"model": "cms.page",
		"fields": {
			"rght": 3,
			"navigation_extenders": "",
			"site": 1,
			"creation_date": "2014-06-30T06:49:54.093Z",
			"lft": 2,
			"in_navigation": true,
			"reverse_id": null,
			"login_required": false,
			"created_by": "admin",
			"publication_end_date": null,
			"template": "cms_base.html",
			"tree_id": 6,
			"placeholders": [
				14
			],
			"changed_date": "2014-06-30T08:10:01.903Z",
			"limit_visibility_in_menu": null,
			"parent": 6,
			"publisher_state": 0,
			"soft_root": false,
			"publication_date": "2014-06-30T06:49:49.112Z",
			"publisher_public": 9,
			"level": 1,
			"changed_by": "admin",
			"publisher_is_draft": false,
			"published": true
		}
	},
	{
		"pk": 15,
		"model": "cms.page",
		"fields": {
			"rght": 5,
			"navigation_extenders": "",
			"site": 1,
			"creation_date": "2014-06-30T06:49:55.162Z",
			"lft": 4,
			"in_navigation": true,
			"reverse_id": null,
			"login_required": false,
			"created_by": "admin",
			"publication_end_date": null,
			"template": "cms_base.html",
			"tree_id": 6,
			"placeholders": [
				15
			],
			"changed_date": "2014-06-30T07:47:48.077Z",
			"limit_visibility_in_menu": null,
			"parent": 6,
			"publisher_state": 0,
			"soft_root": false,
			"publication_date": "2014-06-30T06:49:50.182Z",
			"publisher_public": 10,
			"level": 1,
			"changed_by": "admin",
			"publisher_is_draft": false,
			"published": true
		}
	},
	{
		"pk": 16,
		"model": "cms.page",
		"fields": {
			"rght": 7,
			"navigation_extenders": "",
			"site": 1,
			"creation_date": "2014-06-30T06:49:55.884Z",
			"lft": 6,
			"in_navigation": true,
			"reverse_id": null,
			"login_required": false,
			"created_by": "admin",
			"publication_end_date": null,
			"template": "cms_base.html",
			"tree_id": 6,
			"placeholders": [
				16
			],
			"changed_date": "2014-06-30T07:51:16.003Z",
			"limit_visibility_in_menu": null,
			"parent": 6,
			"publisher_state": 0,
			"soft_root": false,
			"publication_date": "2014-06-30T06:49:50.904Z",
			"publisher_public": 11,
			"level": 1,
			"changed_by": "admin",
			"publisher_is_draft": false,
			"published": true
		}
	},
	{
		"pk": 17,
		"model": "cms.page",
		"fields": {
			"rght": 3,
			"navigation_extenders": "",
			"site": 1,
			"creation_date": "2014-06-30T06:49:56.826Z",
			"lft": 2,
			"in_navigation": true,
			"reverse_id": null,
			"login_required": false,
			"created_by": "admin",
			"publication_end_date": null,
			"template": "cms_base.html",
			"tree_id": 7,
			"placeholders": [
				17
			],
			"changed_date": "2014-06-30T07:53:44.905Z",
			"limit_visibility_in_menu": null,
			"parent": 7,
			"publisher_state": 0,
			"soft_root": false,
			"publication_date": "2014-06-30T06:49:51.847Z",
			"publisher_public": 12,
			"level": 1,
			"changed_by": "admin",
			"publisher_is_draft": false,
			"published": true
		}
	},
	{
		"pk": 18,
		"model": "cms.page",
		"fields": {
			"rght": 5,
			"navigation_extenders": "",
			"site": 1,
			"creation_date": "2014-06-30T06:49:57.725Z",
			"lft": 4,
			"in_navigation": true,
			"reverse_id": null,
			"login_required": false,
			"created_by": "admin",
			"publication_end_date": null,
			"template": "cms_base.html",
			"tree_id": 7,
			"placeholders": [
				18
			],
			"changed_date": "2014-06-30T07:54:22.297Z",
			"limit_visibility_in_menu": null,
			"parent": 7,
			"publisher_state": 0,
			"soft_root": false,
			"publication_date": "2014-06-30T06:49:52.744Z",
			"publisher_public": 13,
			"level": 1,
			"changed_by": "admin",
			"publisher_is_draft": false,
			"published": true
		}
	},
	{
		"pk": 1,
		"model": "cms.title",
		"fields": {
			"menu_title": null,
			"redirect": null,
			"meta_keywords": null,
			"page_title": null,
			"language": "en",
			"title": "Home",
			"has_url_overwrite": false,
			"application_urls": null,
			"creation_date": "2014-06-30T06:11:48.146Z",
			"page": 1,
			"path": "",
			"meta_description": null,
			"slug": "home"
		}
	},
	{
		"pk": 2,
		"model": "cms.title",
		"fields": {
			"menu_title": null,
			"redirect": null,
			"meta_keywords": null,
			"page_title": null,
			"language": "en",
			"title": "About Us",
			"has_url_overwrite": false,
			"application_urls": null,
			"creation_date": "2014-06-30T06:46:53.078Z",
			"page": 2,
			"path": "about",
			"meta_description": null,
			"slug": "about"
		}
	},
	{
		"pk": 3,
		"model": "cms.title",
		"fields": {
			"menu_title": null,
			"redirect": null,
			"meta_keywords": null,
			"page_title": null,
			"language": "en",
			"title": "Programs",
			"has_url_overwrite": false,
			"application_urls": null,
			"creation_date": "2014-06-30T06:47:25.465Z",
			"page": 3,
			"path": "programs",
			"meta_description": null,
			"slug": "programs"
		}
	},
	{
		"pk": 4,
		"model": "cms.title",
		"fields": {
			"menu_title": null,
			"redirect": null,
			"meta_keywords": null,
			"page_title": null,
			"language": "en",
			"title": "Sponsors",
			"has_url_overwrite": false,
			"application_urls": null,
			"creation_date": "2014-06-30T06:47:36.668Z",
			"page": 4,
			"path": "sponsors",
			"meta_description": null,
			"slug": "sponsors"
		}
	},
	{
		"pk": 5,
		"model": "cms.title",
		"fields": {
			"menu_title": null,
			"redirect": null,
			"meta_keywords": null,
			"page_title": null,
			"language": "en",
			"title": "Home",
			"has_url_overwrite": false,
			"application_urls": null,
			"creation_date": "2014-06-30T06:11:48.146Z",
			"page": 5,
			"path": "",
			"meta_description": null,
			"slug": "home"
		}
	},
	{
		"pk": 6,
		"model": "cms.title",
		"fields": {
			"menu_title": null,
			"redirect": null,
			"meta_keywords": null,
			"page_title": null,
			"language": "en",
			"title": "About Us",
			"has_url_overwrite": false,
			"application_urls": null,
			"creation_date": "2014-06-30T06:46:53.078Z",
			"page": 6,
			"path": "about",
			"meta_description": null,
			"slug": "about"
		}
	},
	{
		"pk": 7,
		"model": "cms.title",
		"fields": {
			"menu_title": null,
			"redirect": null,
			"meta_keywords": null,
			"page_title": null,
			"language": "en",
			"title": "Programs",
			"has_url_overwrite": false,
			"application_urls": null,
			"creation_date": "2014-06-30T06:47:25.465Z",
			"page": 7,
			"path": "programs",
			"meta_description": null,
			"slug": "programs"
		}
	},
	{
		"pk": 8,
		"model": "cms.title",
		"fields": {
			"menu_title": null,
			"redirect": null,
			"meta_keywords": null,
			"page_title": null,
			"language": "en",
			"title": "Sponsors",
			"has_url_overwrite": false,
			"application_urls": null,
			"creation_date": "2014-06-30T06:47:36.668Z",
			"page": 8,
			"path": "sponsors",
			"meta_description": null,
			"slug": "sponsors"
		}
	},
	{
		"pk": 9,
		"model": "cms.title",
		"fields": {
			"menu_title": null,
			"redirect": null,
			"meta_keywords": null,
			"page_title": null,
			"language": "en",
			"title": "Jobs",
			"has_url_overwrite": false,
			"application_urls": null,
			"creation_date": "2014-06-30T06:48:37.099Z",
			"page": 9,
			"path": "about/jobs",
			"meta_description": null,
			"slug": "jobs"
		}
	},
	{
		"pk": 10,
		"model": "cms.title",
		"fields": {
			"menu_title": null,
			"redirect": null,
			"meta_keywords": null,
			"page_title": null,
			"language": "en",
			"title": "Contact Us",
			"has_url_overwrite": false,
			"application_urls": null,
			"creation_date": "2014-06-30T06:49:05.209Z",
			"page": 10,
			"path": "about/contact",
			"meta_description": null,
			"slug": "contact"
		}
	},
	{
		"pk": 11,
		"model": "cms.title",
		"fields": {
			"menu_title": null,
			"redirect": null,
			"meta_keywords": null,
			"page_title": null,
			"language": "en",
			"title": "Directions",
			"has_url_overwrite": false,
			"application_urls": null,
			"creation_date": "2014-06-30T06:49:17.109Z",
			"page": 11,
			"path": "about/directions",
			"meta_description": null,
			"slug": "directions"
		}
	},
	{
		"pk": 12,
		"model": "cms.title",
		"fields": {
			"menu_title": null,
			"redirect": null,
			"meta_keywords": null,
			"page_title": null,
			"language": "en",
			"title": "Juniors",
			"has_url_overwrite": false,
			"application_urls": null,
			"creation_date": "2014-06-30T06:49:31.318Z",
			"page": 12,
			"path": "programs/juniors",
			"meta_description": null,
			"slug": "juniors"
		}
	},
	{
		"pk": 13,
		"model": "cms.title",
		"fields": {
			"menu_title": null,
			"redirect": null,
			"meta_keywords": null,
			"page_title": null,
			"language": "en",
			"title": "Seniors",
			"has_url_overwrite": false,
			"application_urls": null,
			"creation_date": "2014-06-30T06:49:46.138Z",
			"page": 13,
			"path": "programs/seniors",
			"meta_description": null,
			"slug": "seniors"
		}
	},
	{
		"pk": 14,
		"model": "cms.title",
		"fields": {
			"menu_title": null,
			"redirect": null,
			"meta_keywords": null,
			"page_title": null,
			"language": "en",
			"title": "Jobs",
			"has_url_overwrite": false,
			"application_urls": null,
			"creation_date": "2014-06-30T06:48:37.099Z",
			"page": 14,
			"path": "about/jobs",
			"meta_description": null,
			"slug": "jobs"
		}
	},
	{
		"pk": 15,
		"model": "cms.title",
		"fields": {
			"menu_title": null,
			"redirect": null,
			"meta_keywords": null,
			"page_title": null,
			"language": "en",
			"title": "Contact Us",
			"has_url_overwrite": false,
			"application_urls": null,
			"creation_date": "2014-06-30T06:49:05.209Z",
			"page": 15,
			"path": "about/contact",
			"meta_description": null,
			"slug": "contact"
		}
	},
	{
		"pk": 16,
		"model": "cms.title",
		"fields": {
			"menu_title": null,
			"redirect": null,
			"meta_keywords": null,
			"page_title": null,
			"language": "en",
			"title": "Directions",
			"has_url_overwrite": false,
			"application_urls": null,
			"creation_date": "2014-06-30T06:49:17.109Z",
			"page": 16,
			"path": "about/directions",
			"meta_description": null,
			"slug": "directions"
		}
	},
	{
		"pk": 17,
		"model": "cms.title",
		"fields": {
			"menu_title": null,
			"redirect": null,
			"meta_keywords": null,
			"page_title": null,
			"language": "en",
			"title": "Juniors",
			"has_url_overwrite": false,
			"application_urls": null,
			"creation_date": "2014-06-30T06:49:31.318Z",
			"page": 17,
			"path": "programs/juniors",
			"meta_description": null,
			"slug": "juniors"
		}
	},
	{
		"pk": 18,
		"model": "cms.title",
		"fields": {
			"menu_title": null,
			"redirect": null,
			"meta_keywords": null,
			"page_title": null,
			"language": "en",
			"title": "Seniors",
			"has_url_overwrite": false,
			"application_urls": null,
			"creation_date": "2014-06-30T06:49:46.138Z",
			"page": 18,
			"path": "programs/seniors",
			"meta_description": null,
			"slug": "seniors"
		}
	},
	{
		"pk": 33,
		"model": "menus.cachekey",
		"fields": {
			"key": "menu_cache_menu_nodes_en_1_1_user",
			"site": 1,
			"language": "en"
		}
	},
	{
		"pk": 34,
		"model": "menus.cachekey",
		"fields": {
			"key": "menu_cache_menu_nodes_en_1",
			"site": 1,
			"language": "en"
		}
	},
	{
		"pk": 1,
		"model": "south.migrationhistory",
		"fields": {
			"applied": "2014-06-30T06:08:06.833Z",
			"app_name": "organice",
			"migration": "zinnia"
		}
	},
	{
		"pk": 2,
		"model": "south.migrationhistory",
		"fields": {
			"applied": "2014-06-30T06:08:11.447Z",
			"app_name": "cms",
			"migration": "0001_initial"
		}
	},
	{
		"pk": 3,
		"model": "south.migrationhistory",
		"fields": {
			"applied": "2014-06-30T06:08:11.480Z",
			"app_name": "cms",
			"migration": "0002_auto_start"
		}
	},
	{
		"pk": 4,
		"model": "south.migrationhistory",
		"fields": {
			"applied": "2014-06-30T06:08:11.529Z",
			"app_name": "cms",
			"migration": "0003_remove_placeholder"
		}
	},
	{
		"pk": 5,
		"model": "south.migrationhistory",
		"fields": {
			"applied": "2014-06-30T06:08:11.552Z",
			"app_name": "cms",
			"migration": "0004_textobjects"
		}
	},
	{
		"pk": 6,
		"model": "south.migrationhistory",
		"fields": {
			"applied": "2014-06-30T06:08:11.577Z",
			"app_name": "cms",
			"migration": "0005_mptt_added_to_plugins"
		}
	},
	{
		"pk": 7,
		"model": "south.migrationhistory",
		"fields": {
			"applied": "2014-06-30T06:08:11.636Z",
			"app_name": "cms",
			"migration": "0006_apphook"
		}
	},
	{
		"pk": 8,
		"model": "south.migrationhistory",
		"fields": {
			"applied": "2014-06-30T06:08:11.660Z",
			"app_name": "cms",
			"migration": "0007_apphook_longer"
		}
	},
	{
		"pk": 9,
		"model": "south.migrationhistory",
		"fields": {
			"applied": "2014-06-30T06:08:11.688Z",
			"app_name": "cms",
			"migration": "0008_redirects"
		}
	},
	{
		"pk": 10,
		"model": "south.migrationhistory",
		"fields": {
			"applied": "2014-06-30T06:08:11.755Z",
			"app_name": "cms",
			"migration": "0009_added_meta_fields"
		}
	},
	{
		"pk": 11,
		"model": "south.migrationhistory",
		"fields": {
			"applied": "2014-06-30T06:08:11.779Z",
			"app_name": "cms",
			"migration": "0010_5char_language"
		}
	},
	{
		"pk": 12,
		"model": "south.migrationhistory",
		"fields": {
			"applied": "2014-06-30T06:08:11.805Z",
			"app_name": "cms",
			"migration": "0011_title_overwrites"
		}
	},
	{
		"pk": 13,
		"model": "south.migrationhistory",
		"fields": {
			"applied": "2014-06-30T06:08:11.829Z",
			"app_name": "cms",
			"migration": "0012_publisher"
		}
	},
	{
		"pk": 14,
		"model": "south.migrationhistory",
		"fields": {
			"applied": "2014-06-30T06:08:11.855Z",
			"app_name": "cms",
			"migration": "0013_site_copy"
		}
	},
	{
		"pk": 15,
		"model": "south.migrationhistory",
		"fields": {
			"applied": "2014-06-30T06:08:11.879Z",
			"app_name": "cms",
			"migration": "0014_sites_removed"
		}
	},
	{
		"pk": 16,
		"model": "south.migrationhistory",
		"fields": {
			"applied": "2014-06-30T06:08:11.904Z",
			"app_name": "cms",
			"migration": "0015_modified_by_added"
		}
	},
	{
		"pk": 17,
		"model": "south.migrationhistory",
		"fields": {
			"applied": "2014-06-30T06:08:11.930Z",
			"app_name": "cms",
			"migration": "0016_author_copy"
		}
	},
	{
		"pk": 18,
		"model": "south.migrationhistory",
		"fields": {
			"applied": "2014-06-30T06:08:11.954Z",
			"app_name": "cms",
			"migration": "0017_author_removed"
		}
	},
	{
		"pk": 19,
		"model": "south.migrationhistory",
		"fields": {
			"applied": "2014-06-30T06:08:12.014Z",
			"app_name": "cms",
			"migration": "0018_site_permissions"
		}
	},
	{
		"pk": 20,
		"model": "south.migrationhistory",
		"fields": {
			"applied": "2014-06-30T06:08:12.046Z",
			"app_name": "cms",
			"migration": "0019_public_table_renames"
		}
	},
	{
		"pk": 21,
		"model": "south.migrationhistory",
		"fields": {
			"applied": "2014-06-30T06:08:12.071Z",
			"app_name": "cms",
			"migration": "0020_advanced_permissions"
		}
	},
	{
		"pk": 22,
		"model": "south.migrationhistory",
		"fields": {
			"applied": "2014-06-30T06:08:12.097Z",
			"app_name": "cms",
			"migration": "0021_publisher2"
		}
	},
	{
		"pk": 23,
		"model": "south.migrationhistory",
		"fields": {
			"applied": "2014-06-30T06:08:12.121Z",
			"app_name": "cms",
			"migration": "0022_login_required_added"
		}
	},
	{
		"pk": 24,
		"model": "south.migrationhistory",
		"fields": {
			"applied": "2014-06-30T06:08:12.147Z",
			"app_name": "cms",
			"migration": "0023_plugin_table_naming_function_changed"
		}
	},
	{
		"pk": 25,
		"model": "south.migrationhistory",
		"fields": {
			"applied": "2014-06-30T06:08:12.171Z",
			"app_name": "cms",
			"migration": "0024_added_placeholder_model"
		}
	},
	{
		"pk": 26,
		"model": "south.migrationhistory",
		"fields": {
			"applied": "2014-06-30T06:08:12.196Z",
			"app_name": "cms",
			"migration": "0025_placeholder_migration"
		}
	},
	{
		"pk": 27,
		"model": "south.migrationhistory",
		"fields": {
			"applied": "2014-06-30T06:08:12.222Z",
			"app_name": "cms",
			"migration": "0026_finish_placeholder_migration"
		}
	},
	{
		"pk": 28,
		"model": "south.migrationhistory",
		"fields": {
			"applied": "2014-06-30T06:08:12.246Z",
			"app_name": "cms",
			"migration": "0027_added_width_to_placeholder"
		}
	},
	{
		"pk": 29,
		"model": "south.migrationhistory",
		"fields": {
			"applied": "2014-06-30T06:08:12.272Z",
			"app_name": "cms",
			"migration": "0028_limit_visibility_in_menu_step1of3"
		}
	},
	{
		"pk": 30,
		"model": "south.migrationhistory",
		"fields": {
			"applied": "2014-06-30T06:08:12.296Z",
			"app_name": "cms",
			"migration": "0029_limit_visibility_in_menu_step2of3_data"
		}
	},
	{
		"pk": 31,
		"model": "south.migrationhistory",
		"fields": {
			"applied": "2014-06-30T06:08:12.321Z",
			"app_name": "cms",
			"migration": "0030_limit_visibility_in_menu_step3of3"
		}
	},
	{
		"pk": 32,
		"model": "south.migrationhistory",
		"fields": {
			"applied": "2014-06-30T06:08:12.387Z",
			"app_name": "cms",
			"migration": "0031_improved_language_code_support"
		}
	},
	{
		"pk": 33,
		"model": "south.migrationhistory",
		"fields": {
			"applied": "2014-06-30T06:08:12.411Z",
			"app_name": "cms",
			"migration": "0032_auto__del_field_cmsplugin_publisher_public__del_field_cmsplugin_publis"
		}
	},
	{
		"pk": 34,
		"model": "south.migrationhistory",
		"fields": {
			"applied": "2014-06-30T06:08:12.464Z",
			"app_name": "cms",
			"migration": "0033_auto__del_field_title_publisher_is_draft__del_field_title_publisher_st"
		}
	},
	{
		"pk": 35,
		"model": "south.migrationhistory",
		"fields": {
			"applied": "2014-06-30T06:08:12.503Z",
			"app_name": "cms",
			"migration": "0034_auto__chg_field_title_language__chg_field_cmsplugin_language__add_fiel"
		}
	},
	{
		"pk": 36,
		"model": "south.migrationhistory",
		"fields": {
			"applied": "2014-06-30T06:08:12.527Z",
			"app_name": "cms",
			"migration": "0035_auto__add_field_globalpagepermission_can_view__add_field_pagepermissio"
		}
	},
	{
		"pk": 37,
		"model": "south.migrationhistory",
		"fields": {
			"applied": "2014-06-30T06:08:12.553Z",
			"app_name": "cms",
			"migration": "0036_auto__add_field_cmsplugin_changed_date"
		}
	},
	{
		"pk": 38,
		"model": "south.migrationhistory",
		"fields": {
			"applied": "2014-06-30T06:08:12.577Z",
			"app_name": "cms",
			"migration": "0037_auto__del_pagemoderator__del_field_globalpagepermission_can_moderate__"
		}
	},
	{
		"pk": 39,
		"model": "south.migrationhistory",
		"fields": {
			"applied": "2014-06-30T06:08:12.616Z",
			"app_name": "cms",
			"migration": "0038_publish_page_permission"
		}
	},
	{
		"pk": 40,
		"model": "south.migrationhistory",
		"fields": {
			"applied": "2014-06-30T06:08:12.638Z",
			"app_name": "cms",
			"migration": "0039_auto__del_field_page_moderator_state"
		}
	},
	{
		"pk": 41,
		"model": "south.migrationhistory",
		"fields": {
			"applied": "2014-06-30T06:08:12.832Z",
			"app_name": "menus",
			"migration": "0001_initial"
		}
	},
	{
		"pk": 42,
		"model": "south.migrationhistory",
		"fields": {
			"applied": "2014-06-30T06:08:13.159Z",
			"app_name": "reversion",
			"migration": "0001_initial"
		}
	},
	{
		"pk": 43,
		"model": "south.migrationhistory",
		"fields": {
			"applied": "2014-06-30T06:08:13.452Z",
			"app_name": "reversion",
			"migration": "0002_auto__add_field_version_type"
		}
	},
	{
		"pk": 44,
		"model": "south.migrationhistory",
		"fields": {
			"applied": "2014-06-30T06:08:13.527Z",
			"app_name": "reversion",
			"migration": "0003_auto__add_field_version_object_id_int"
		}
	},
	{
		"pk": 45,
		"model": "south.migrationhistory",
		"fields": {
			"applied": "2014-06-30T06:08:13.546Z",
			"app_name": "reversion",
			"migration": "0004_populate_object_id_int"
		}
	},
	{
		"pk": 46,
		"model": "south.migrationhistory",
		"fields": {
			"applied": "2014-06-30T06:08:13.728Z",
			"app_name": "reversion",
			"migration": "0005_auto__add_field_revision_manager_slug"
		}
	},
	{
		"pk": 47,
		"model": "south.migrationhistory",
		"fields": {
			"applied": "2014-06-30T06:08:13.765Z",
			"app_name": "reversion",
			"migration": "0006_remove_delete_revisions"
		}
	},
	{
		"pk": 48,
		"model": "south.migrationhistory",
		"fields": {
			"applied": "2014-06-30T06:08:13.788Z",
			"app_name": "reversion",
			"migration": "0007_auto__del_field_version_type"
		}
	},
	{
		"pk": 49,
		"model": "south.migrationhistory",
		"fields": {
			"applied": "2014-06-30T06:08:14.314Z",
			"app_name": "easy_thumbnails",
			"migration": "0001_initial"
		}
	},
	{
		"pk": 50,
		"model": "south.migrationhistory",
		"fields": {
			"applied": "2014-06-30T06:08:14.557Z",
			"app_name": "easy_thumbnails",
			"migration": "0002_filename_indexes"
		}
	},
	{
		"pk": 51,
		"model": "south.migrationhistory",
		"fields": {
			"applied": "2014-06-30T06:08:14.800Z",
			"app_name": "easy_thumbnails",
			"migration": "0003_auto__add_storagenew"
		}
	},
	{
		"pk": 52,
		"model": "south.migrationhistory",
		"fields": {
			"applied": "2014-06-30T06:08:14.889Z",
			"app_name": "easy_thumbnails",
			"migration": "0004_auto__add_field_source_storage_new__add_field_thumbnail_storage_new"
		}
	},
	{
		"pk": 53,
		"model": "south.migrationhistory",
		"fields": {
			"applied": "2014-06-30T06:08:15.140Z",
			"app_name": "easy_thumbnails",
			"migration": "0005_storage_fks_null"
		}
	},
	{
		"pk": 54,
		"model": "south.migrationhistory",
		"fields": {
			"applied": "2014-06-30T06:08:15.169Z",
			"app_name": "easy_thumbnails",
			"migration": "0006_copy_storage"
		}
	},
	{
		"pk": 55,
		"model": "south.migrationhistory",
		"fields": {
			"applied": "2014-06-30T06:08:15.327Z",
			"app_name": "easy_thumbnails",
			"migration": "0007_storagenew_fks_not_null"
		}
	},
	{
		"pk": 56,
		"model": "south.migrationhistory",
		"fields": {
			"applied": "2014-06-30T06:08:15.356Z",
			"app_name": "easy_thumbnails",
			"migration": "0008_auto__del_field_source_storage__del_field_thumbnail_storage"
		}
	},
	{
		"pk": 57,
		"model": "south.migrationhistory",
		"fields": {
			"applied": "2014-06-30T06:08:15.377Z",
			"app_name": "easy_thumbnails",
			"migration": "0009_auto__del_storage"
		}
	},
	{
		"pk": 58,
		"model": "south.migrationhistory",
		"fields": {
			"applied": "2014-06-30T06:08:15.429Z",
			"app_name": "easy_thumbnails",
			"migration": "0010_rename_storage"
		}
	},
	{
		"pk": 59,
		"model": "south.migrationhistory",
		"fields": {
			"applied": "2014-06-30T06:08:15.779Z",
			"app_name": "easy_thumbnails",
			"migration": "0011_auto__add_field_source_storage_hash__add_field_thumbnail_storage_hash"
		}
	},
	{
		"pk": 60,
		"model": "south.migrationhistory",
		"fields": {
			"applied": "2014-06-30T06:08:15.819Z",
			"app_name": "easy_thumbnails",
			"migration": "0012_build_storage_hashes"
		}
	},
	{
		"pk": 61,
		"model": "south.migrationhistory",
		"fields": {
			"applied": "2014-06-30T06:08:15.895Z",
			"app_name": "easy_thumbnails",
			"migration": "0013_auto__del_storage__del_field_source_storage__del_field_thumbnail_stora"
		}
	},
	{
		"pk": 62,
		"model": "south.migrationhistory",
		"fields": {
			"applied": "2014-06-30T06:08:16.018Z",
			"app_name": "easy_thumbnails",
			"migration": "0014_auto__add_unique_source_name_storage_hash__add_unique_thumbnail_name_s"
		}
	},
	{
		"pk": 63,
		"model": "south.migrationhistory",
		"fields": {
			"applied": "2014-06-30T06:08:16.086Z",
			"app_name": "easy_thumbnails",
			"migration": "0015_auto__del_unique_thumbnail_name_storage_hash__add_unique_thumbnail_sou"
		}
	},
	{
		"pk": 64,
		"model": "south.migrationhistory",
		"fields": {
			"applied": "2014-06-30T06:08:16.240Z",
			"app_name": "easy_thumbnails",
			"migration": "0016_auto__add_thumbnaildimensions"
		}
	},
	{
		"pk": 65,
		"model": "south.migrationhistory",
		"fields": {
			"applied": "2014-06-30T06:08:16.650Z",
			"app_name": "media_tree",
			"migration": "0001_initial"
		}
	},
	{
		"pk": 66,
		"model": "south.migrationhistory",
		"fields": {
			"applied": "2014-06-30T06:08:16.673Z",
			"app_name": "media_tree",
			"migration": "0002_auto__add_field_filenode_mimetype"
		}
	},
	{
		"pk": 67,
		"model": "south.migrationhistory",
		"fields": {
			"applied": "2014-06-30T06:08:16.690Z",
			"app_name": "media_tree",
			"migration": "0003_set_mimetype"
		}
	},
	{
		"pk": 68,
		"model": "south.migrationhistory",
		"fields": {
			"applied": "2014-06-30T06:08:16.707Z",
			"app_name": "media_tree",
			"migration": "0004_reset_has_metadata"
		}
	},
	{
		"pk": 69,
		"model": "south.migrationhistory",
		"fields": {
			"applied": "2014-06-30T06:08:16.840Z",
			"app_name": "text",
			"migration": "0001_initial"
		}
	},
	{
		"pk": 70,
		"model": "south.migrationhistory",
		"fields": {
			"applied": "2014-06-30T06:08:16.860Z",
			"app_name": "text",
			"migration": "0002_freeze"
		}
	},
	{
		"pk": 71,
		"model": "south.migrationhistory",
		"fields": {
			"applied": "2014-06-30T06:08:16.900Z",
			"app_name": "text",
			"migration": "0003_publisher"
		}
	},
	{
		"pk": 72,
		"model": "south.migrationhistory",
		"fields": {
			"applied": "2014-06-30T06:08:16.941Z",
			"app_name": "text",
			"migration": "0004_table_rename"
		}
	},
	{
		"pk": 73,
		"model": "south.migrationhistory",
		"fields": {
			"applied": "2014-06-30T06:08:16.952Z",
			"app_name": "text",
			"migration": "0005_publisher2"
		}
	},
	{
		"pk": 74,
		"model": "south.migrationhistory",
		"fields": {
			"applied": "2014-06-30T06:08:17.033Z",
			"app_name": "text",
			"migration": "0006_2_1_4_upgrade"
		}
	},
	{
		"pk": 75,
		"model": "south.migrationhistory",
		"fields": {
			"applied": "2014-06-30T06:08:17.208Z",
			"app_name": "flash",
			"migration": "0001_initial"
		}
	},
	{
		"pk": 76,
		"model": "south.migrationhistory",
		"fields": {
			"applied": "2014-06-30T06:08:17.227Z",
			"app_name": "flash",
			"migration": "0002_freeze"
		}
	},
	{
		"pk": 77,
		"model": "south.migrationhistory",
		"fields": {
			"applied": "2014-06-30T06:08:17.236Z",
			"app_name": "flash",
			"migration": "0003_publisher"
		}
	},
	{
		"pk": 78,
		"model": "south.migrationhistory",
		"fields": {
			"applied": "2014-06-30T06:08:17.244Z",
			"app_name": "flash",
			"migration": "0004_table_rename"
		}
	},
	{
		"pk": 79,
		"model": "south.migrationhistory",
		"fields": {
			"applied": "2014-06-30T06:08:17.252Z",
			"app_name": "flash",
			"migration": "0005_publisher2"
		}
	},
	{
		"pk": 80,
		"model": "south.migrationhistory",
		"fields": {
			"applied": "2014-06-30T06:08:17.377Z",
			"app_name": "googlemap",
			"migration": "0001_initial"
		}
	},
	{
		"pk": 81,
		"model": "south.migrationhistory",
		"fields": {
			"applied": "2014-06-30T06:08:17.394Z",
			"app_name": "googlemap",
			"migration": "0002_table_rename"
		}
	},
	{
		"pk": 82,
		"model": "south.migrationhistory",
		"fields": {
			"applied": "2014-06-30T06:08:17.403Z",
			"app_name": "googlemap",
			"migration": "0003_address_unified"
		}
	},
	{
		"pk": 83,
		"model": "south.migrationhistory",
		"fields": {
			"applied": "2014-06-30T06:08:17.411Z",
			"app_name": "googlemap",
			"migration": "0004_copy_address"
		}
	},
	{
		"pk": 84,
		"model": "south.migrationhistory",
		"fields": {
			"applied": "2014-06-30T06:08:17.419Z",
			"app_name": "googlemap",
			"migration": "0005_delete_street"
		}
	},
	{
		"pk": 85,
		"model": "south.migrationhistory",
		"fields": {
			"applied": "2014-06-30T06:08:17.428Z",
			"app_name": "googlemap",
			"migration": "0006_publisher2"
		}
	},
	{
		"pk": 86,
		"model": "south.migrationhistory",
		"fields": {
			"applied": "2014-06-30T06:08:17.436Z",
			"app_name": "googlemap",
			"migration": "0007_latlng"
		}
	},
	{
		"pk": 87,
		"model": "south.migrationhistory",
		"fields": {
			"applied": "2014-06-30T06:08:17.444Z",
			"app_name": "googlemap",
			"migration": "0008_routeplaner"
		}
	},
	{
		"pk": 88,
		"model": "south.migrationhistory",
		"fields": {
			"applied": "2014-06-30T06:08:17.453Z",
			"app_name": "googlemap",
			"migration": "0009_routeplaner_title"
		}
	},
	{
		"pk": 89,
		"model": "south.migrationhistory",
		"fields": {
			"applied": "2014-06-30T06:08:17.461Z",
			"app_name": "googlemap",
			"migration": "0010_auto__chg_field_googlemap_content"
		}
	},
	{
		"pk": 90,
		"model": "south.migrationhistory",
		"fields": {
			"applied": "2014-06-30T06:08:17.469Z",
			"app_name": "googlemap",
			"migration": "0011_remove_zoom_null_values"
		}
	},
	{
		"pk": 91,
		"model": "south.migrationhistory",
		"fields": {
			"applied": "2014-06-30T06:08:17.478Z",
			"app_name": "googlemap",
			"migration": "0012_auto__add_field_googlemap_width__add_field_googlemap_height__chg_field"
		}
	},
	{
		"pk": 92,
		"model": "south.migrationhistory",
		"fields": {
			"applied": "2014-06-30T06:08:17.633Z",
			"app_name": "inherit",
			"migration": "0001_initial"
		}
	},
	{
		"pk": 93,
		"model": "south.migrationhistory",
		"fields": {
			"applied": "2014-06-30T06:08:17.677Z",
			"app_name": "inherit",
			"migration": "0002_fieldchanges"
		}
	},
	{
		"pk": 94,
		"model": "south.migrationhistory",
		"fields": {
			"applied": "2014-06-30T06:08:17.876Z",
			"app_name": "video",
			"migration": "0001_initial"
		}
	},
	{
		"pk": 95,
		"model": "south.migrationhistory",
		"fields": {
			"applied": "2014-06-30T06:08:17.896Z",
			"app_name": "video",
			"migration": "0002_color_mute_controller"
		}
	},
	{
		"pk": 96,
		"model": "south.migrationhistory",
		"fields": {
			"applied": "2014-06-30T06:08:17.910Z",
			"app_name": "video",
			"migration": "0003_newplayer_step1"
		}
	},
	{
		"pk": 97,
		"model": "south.migrationhistory",
		"fields": {
			"applied": "2014-06-30T06:08:17.920Z",
			"app_name": "video",
			"migration": "0004_newplayer_step2"
		}
	},
	{
		"pk": 98,
		"model": "south.migrationhistory",
		"fields": {
			"applied": "2014-06-30T06:08:17.929Z",
			"app_name": "video",
			"migration": "0005_newplayer_step3"
		}
	},
	{
		"pk": 99,
		"model": "south.migrationhistory",
		"fields": {
			"applied": "2014-06-30T06:08:17.937Z",
			"app_name": "video",
			"migration": "0006_newplayer_step4"
		}
	},
	{
		"pk": 100,
		"model": "south.migrationhistory",
		"fields": {
			"applied": "2014-06-30T06:08:17.946Z",
			"app_name": "video",
			"migration": "0007_newplayer_step5"
		}
	},
	{
		"pk": 101,
		"model": "south.migrationhistory",
		"fields": {
			"applied": "2014-06-30T06:08:18.211Z",
			"app_name": "cmsplugin_contact",
			"migration": "0001_initial"
		}
	},
	{
		"pk": 102,
		"model": "south.migrationhistory",
		"fields": {
			"applied": "2014-06-30T06:08:18.289Z",
			"app_name": "cmsplugin_contact",
			"migration": "0002_auto__chg_field_contact_thanks"
		}
	},
	{
		"pk": 103,
		"model": "south.migrationhistory",
		"fields": {
			"applied": "2014-06-30T06:08:20.303Z",
			"app_name": "zinnia",
			"migration": "0001_initial"
		}
	},
	{
		"pk": 104,
		"model": "south.migrationhistory",
		"fields": {
			"applied": "2014-06-30T06:08:21.084Z",
			"app_name": "cmsplugin_zinnia",
			"migration": "0001_initial"
		}
	},
	{
		"pk": 105,
		"model": "south.migrationhistory",
		"fields": {
			"applied": "2014-06-30T06:08:21.185Z",
			"app_name": "cmsplugin_zinnia",
			"migration": "0002_query_entries_plugin"
		}
	},
	{
		"pk": 106,
		"model": "south.migrationhistory",
		"fields": {
			"applied": "2014-06-30T06:08:21.260Z",
			"app_name": "cmsplugin_zinnia",
			"migration": "0003_calendar_entries_plugin"
		}
	},
	{
		"pk": 107,
		"model": "south.migrationhistory",
		"fields": {
			"applied": "2014-06-30T06:08:21.385Z",
			"app_name": "cmsplugin_zinnia",
			"migration": "0004_use_author_proxy"
		}
	},
	{
		"pk": 108,
		"model": "south.migrationhistory",
		"fields": {
			"applied": "2014-06-30T06:08:21.495Z",
			"app_name": "cmsplugin_zinnia",
			"migration": "0005_latest_entries_featured"
		}
	},
	{
		"pk": 109,
		"model": "south.migrationhistory",
		"fields": {
			"applied": "2014-06-30T06:08:21.583Z",
			"app_name": "cmsplugin_zinnia",
			"migration": "0006_latest_entries_offset"
		}
	},
	{
		"pk": 110,
		"model": "south.migrationhistory",
		"fields": {
			"applied": "2014-06-30T06:08:22.033Z",
			"app_name": "cmsplugin_zinnia",
			"migration": "0007_use_positive_integer"
		}
	},
	{
		"pk": 111,
		"model": "south.migrationhistory",
		"fields": {
			"applied": "2014-06-30T06:08:23.827Z",
			"app_name": "newsletter",
			"migration": "0001_initial"
		}
	},
	{
		"pk": 112,
		"model": "south.migrationhistory",
		"fields": {
			"applied": "2014-06-30T06:08:23.929Z",
			"app_name": "newsletter",
			"migration": "0002_auto__add_attachment"
		}
	},
	{
		"pk": 113,
		"model": "south.migrationhistory",
		"fields": {
			"applied": "2014-06-30T06:08:23.994Z",
			"app_name": "newsletter",
			"migration": "0003_auto__add_unique_newsletter_slug"
		}
	},
	{
		"pk": 114,
		"model": "south.migrationhistory",
		"fields": {
			"applied": "2014-06-30T06:08:24.220Z",
			"app_name": "socialaccount",
			"migration": "0001_initial"
		}
	},
	{
		"pk": 115,
		"model": "south.migrationhistory",
		"fields": {
			"applied": "2014-06-30T06:08:25.143Z",
			"app_name": "socialaccount",
			"migration": "0002_genericmodels"
		}
	},
	{
		"pk": 116,
		"model": "south.migrationhistory",
		"fields": {
			"applied": "2014-06-30T06:08:25.216Z",
			"app_name": "socialaccount",
			"migration": "0003_auto__add_unique_socialaccount_uid_provider"
		}
	},
	{
		"pk": 117,
		"model": "south.migrationhistory",
		"fields": {
			"applied": "2014-06-30T06:08:25.392Z",
			"app_name": "socialaccount",
			"migration": "0004_add_sites"
		}
	},
	{
		"pk": 118,
		"model": "south.migrationhistory",
		"fields": {
			"applied": "2014-06-30T06:08:25.413Z",
			"app_name": "socialaccount",
			"migration": "0005_set_sites"
		}
	},
	{
		"pk": 119,
		"model": "south.migrationhistory",
		"fields": {
			"applied": "2014-06-30T06:08:25.429Z",
			"app_name": "socialaccount",
			"migration": "0006_auto__del_field_socialapp_site"
		}
	},
	{
		"pk": 120,
		"model": "south.migrationhistory",
		"fields": {
			"applied": "2014-06-30T06:08:25.503Z",
			"app_name": "socialaccount",
			"migration": "0007_auto__add_field_socialapp_client_id"
		}
	},
	{
		"pk": 121,
		"model": "south.migrationhistory",
		"fields": {
			"applied": "2014-06-30T06:08:25.531Z",
			"app_name": "socialaccount",
			"migration": "0008_client_id"
		}
	},
	{
		"pk": 122,
		"model": "south.migrationhistory",
		"fields": {
			"applied": "2014-06-30T06:08:25.547Z",
			"app_name": "socialaccount",
			"migration": "0009_auto__add_field_socialtoken_expires_at"
		}
	},
	{
		"pk": 123,
		"model": "south.migrationhistory",
		"fields": {
			"applied": "2014-06-30T06:08:25.888Z",
			"app_name": "socialaccount",
			"migration": "0010_auto__chg_field_socialtoken_token"
		}
	},
	{
		"pk": 124,
		"model": "south.migrationhistory",
		"fields": {
			"applied": "2014-06-30T06:08:26.063Z",
			"app_name": "socialaccount",
			"migration": "0011_auto__chg_field_socialtoken_token"
		}
	},
	{
		"pk": 125,
		"model": "south.migrationhistory",
		"fields": {
			"applied": "2014-06-30T06:08:26.185Z",
			"app_name": "socialaccount",
			"migration": "0012_auto__chg_field_socialtoken_token_secret"
		}
	},
	{
		"pk": 126,
		"model": "south.migrationhistory",
		"fields": {
			"applied": "2014-06-30T06:08:26.397Z",
			"app_name": "zinnia",
			"migration": "0002_entry_placeholder"
		}
	},
	{
		"pk": 127,
		"model": "south.migrationhistory",
		"fields": {
			"applied": "2014-06-30T09:30:28.558Z",
			"app_name": "link",
			"migration": "0001_initial"
		}
	},
	{
		"pk": 128,
		"model": "south.migrationhistory",
		"fields": {
			"applied": "2014-06-30T09:30:28.605Z",
			"app_name": "link",
			"migration": "0002_link_rename"
		}
	},
	{
		"pk": 129,
		"model": "south.migrationhistory",
		"fields": {
			"applied": "2014-06-30T09:30:28.621Z",
			"app_name": "link",
			"migration": "0003_page_link"
		}
	},
	{
		"pk": 130,
		"model": "south.migrationhistory",
		"fields": {
			"applied": "2014-06-30T09:30:28.638Z",
			"app_name": "link",
			"migration": "0004_larger_link_names"
		}
	},
	{
		"pk": 131,
		"model": "south.migrationhistory",
		"fields": {
			"applied": "2014-06-30T09:30:28.663Z",
			"app_name": "link",
			"migration": "0005_publisher"
		}
	},
	{
		"pk": 132,
		"model": "south.migrationhistory",
		"fields": {
			"applied": "2014-06-30T09:30:28.678Z",
			"app_name": "link",
			"migration": "0006_table_rename"
		}
	},
	{
		"pk": 133,
		"model": "south.migrationhistory",
		"fields": {
			"applied": "2014-06-30T09:30:28.688Z",
			"app_name": "link",
			"migration": "0007_publisher2"
		}
	},
	{
		"pk": 134,
		"model": "south.migrationhistory",
		"fields": {
			"applied": "2014-06-30T09:30:28.703Z",
			"app_name": "link",
			"migration": "0008_mailto"
		}
	},
	{
		"pk": 135,
		"model": "south.migrationhistory",
		"fields": {
			"applied": "2014-06-30T09:30:28.730Z",
			"app_name": "link",
			"migration": "0009_add_target"
		}
	},
	{
		"pk": 1,
		"model": "reversion.version",
		"fields": {
			"format": "json",
			"object_repr": "Home",
			"object_id": "1",
			"content_type": 27,
			"object_id_int": 1,
			"serialized_data": "[{\"pk\": 1, \"model\": \"cms.page\", \"fields\": {\"login_required\": false, \"changed_date\": \"2014-06-30T06:11:48.133Z\", \"limit_visibility_in_menu\": null, \"parent\": null, \"level\": 0, \"reverse_id\": null, \"changed_by\": \"admin\", \"navigation_extenders\": \"\", \"site\": 1, \"created_by\": \"admin\", \"creation_date\": \"2014-06-30T06:11:48.133Z\", \"lft\": 1, \"publication_end_date\": null, \"soft_root\": false, \"template\": \"cms_base.html\", \"published\": false, \"publication_date\": null, \"placeholders\": [1], \"in_navigation\": false, \"rght\": 2, \"tree_id\": 1}}]",
			"revision": 1
		}
	},
	{
		"pk": 2,
		"model": "reversion.version",
		"fields": {
			"format": "json",
			"object_repr": "Home (home, en)",
			"object_id": "1",
			"content_type": 35,
			"object_id_int": 1,
			"serialized_data": "[{\"pk\": 1, \"model\": \"cms.title\", \"fields\": {\"menu_title\": null, \"redirect\": null, \"meta_keywords\": null, \"page_title\": null, \"language\": \"en\", \"title\": \"Home\", \"has_url_overwrite\": false, \"application_urls\": null, \"creation_date\": \"2014-06-30T06:11:48.146Z\", \"page\": 1, \"path\": \"home\", \"meta_description\": null, \"slug\": \"home\"}}]",
			"revision": 1
		}
	},
	{
		"pk": 3,
		"model": "reversion.version",
		"fields": {
			"format": "json",
			"object_repr": "content",
			"object_id": "1",
			"content_type": 28,
			"object_id_int": 1,
			"serialized_data": "[{\"pk\": 1, \"model\": \"cms.placeholder\", \"fields\": {\"slot\": \"content\", \"default_width\": null}}]",
			"revision": 1
		}
	},
	{
		"pk": 4,
		"model": "reversion.version",
		"fields": {
			"format": "json",
			"object_repr": "About Us",
			"object_id": "2",
			"content_type": 27,
			"object_id_int": 2,
			"serialized_data": "[{\"pk\": 2, \"model\": \"cms.page\", \"fields\": {\"login_required\": false, \"changed_date\": \"2014-06-30T06:46:53.066Z\", \"limit_visibility_in_menu\": null, \"parent\": null, \"level\": 0, \"reverse_id\": null, \"changed_by\": \"admin\", \"navigation_extenders\": \"\", \"site\": 1, \"created_by\": \"admin\", \"creation_date\": \"2014-06-30T06:46:53.066Z\", \"lft\": 1, \"publication_end_date\": null, \"soft_root\": false, \"template\": \"cms_base.html\", \"published\": false, \"publication_date\": null, \"placeholders\": [2], \"in_navigation\": false, \"rght\": 2, \"tree_id\": 2}}]",
			"revision": 2
		}
	},
	{
		"pk": 5,
		"model": "reversion.version",
		"fields": {
			"format": "json",
			"object_repr": "About Us (about, en)",
			"object_id": "2",
			"content_type": 35,
			"object_id_int": 2,
			"serialized_data": "[{\"pk\": 2, \"model\": \"cms.title\", \"fields\": {\"menu_title\": null, \"redirect\": null, \"meta_keywords\": null, \"page_title\": null, \"language\": \"en\", \"title\": \"About Us\", \"has_url_overwrite\": false, \"application_urls\": null, \"creation_date\": \"2014-06-30T06:46:53.078Z\", \"page\": 2, \"path\": \"about\", \"meta_description\": null, \"slug\": \"about\"}}]",
			"revision": 2
		}
	},
	{
		"pk": 6,
		"model": "reversion.version",
		"fields": {
			"format": "json",
			"object_repr": "content",
			"object_id": "2",
			"content_type": 28,
			"object_id_int": 2,
			"serialized_data": "[{\"pk\": 2, \"model\": \"cms.placeholder\", \"fields\": {\"slot\": \"content\", \"default_width\": null}}]",
			"revision": 2
		}
	},
	{
		"pk": 7,
		"model": "reversion.version",
		"fields": {
			"format": "json",
			"object_repr": "Programs (programs, en)",
			"object_id": "3",
			"content_type": 35,
			"object_id_int": 3,
			"serialized_data": "[{\"pk\": 3, \"model\": \"cms.title\", \"fields\": {\"menu_title\": null, \"redirect\": null, \"meta_keywords\": null, \"page_title\": null, \"language\": \"en\", \"title\": \"Programs\", \"has_url_overwrite\": false, \"application_urls\": null, \"creation_date\": \"2014-06-30T06:47:25.465Z\", \"page\": 3, \"path\": \"programs\", \"meta_description\": null, \"slug\": \"programs\"}}]",
			"revision": 3
		}
	},
	{
		"pk": 8,
		"model": "reversion.version",
		"fields": {
			"format": "json",
			"object_repr": "content",
			"object_id": "3",
			"content_type": 28,
			"object_id_int": 3,
			"serialized_data": "[{\"pk\": 3, \"model\": \"cms.placeholder\", \"fields\": {\"slot\": \"content\", \"default_width\": null}}]",
			"revision": 3
		}
	},
	{
		"pk": 9,
		"model": "reversion.version",
		"fields": {
			"format": "json",
			"object_repr": "Programs",
			"object_id": "3",
			"content_type": 27,
			"object_id_int": 3,
			"serialized_data": "[{\"pk\": 3, \"model\": \"cms.page\", \"fields\": {\"login_required\": false, \"changed_date\": \"2014-06-30T06:47:25.452Z\", \"limit_visibility_in_menu\": null, \"parent\": null, \"level\": 0, \"reverse_id\": null, \"changed_by\": \"admin\", \"navigation_extenders\": \"\", \"site\": 1, \"created_by\": \"admin\", \"creation_date\": \"2014-06-30T06:47:25.452Z\", \"lft\": 1, \"publication_end_date\": null, \"soft_root\": false, \"template\": \"cms_base.html\", \"published\": false, \"publication_date\": null, \"placeholders\": [3], \"in_navigation\": false, \"rght\": 2, \"tree_id\": 3}}]",
			"revision": 3
		}
	},
	{
		"pk": 10,
		"model": "reversion.version",
		"fields": {
			"format": "json",
			"object_repr": "Sponsors (sponsors, en)",
			"object_id": "4",
			"content_type": 35,
			"object_id_int": 4,
			"serialized_data": "[{\"pk\": 4, \"model\": \"cms.title\", \"fields\": {\"menu_title\": null, \"redirect\": null, \"meta_keywords\": null, \"page_title\": null, \"language\": \"en\", \"title\": \"Sponsors\", \"has_url_overwrite\": false, \"application_urls\": null, \"creation_date\": \"2014-06-30T06:47:36.668Z\", \"page\": 4, \"path\": \"sponsors\", \"meta_description\": null, \"slug\": \"sponsors\"}}]",
			"revision": 4
		}
	},
	{
		"pk": 11,
		"model": "reversion.version",
		"fields": {
			"format": "json",
			"object_repr": "Sponsors",
			"object_id": "4",
			"content_type": 27,
			"object_id_int": 4,
			"serialized_data": "[{\"pk\": 4, \"model\": \"cms.page\", \"fields\": {\"login_required\": false, \"changed_date\": \"2014-06-30T06:47:36.655Z\", \"limit_visibility_in_menu\": null, \"parent\": null, \"level\": 0, \"reverse_id\": null, \"changed_by\": \"admin\", \"navigation_extenders\": \"\", \"site\": 1, \"created_by\": \"admin\", \"creation_date\": \"2014-06-30T06:47:36.655Z\", \"lft\": 1, \"publication_end_date\": null, \"soft_root\": false, \"template\": \"cms_base.html\", \"published\": false, \"publication_date\": null, \"placeholders\": [4], \"in_navigation\": false, \"rght\": 2, \"tree_id\": 4}}]",
			"revision": 4
		}
	},
	{
		"pk": 12,
		"model": "reversion.version",
		"fields": {
			"format": "json",
			"object_repr": "content",
			"object_id": "4",
			"content_type": 28,
			"object_id_int": 4,
			"serialized_data": "[{\"pk\": 4, \"model\": \"cms.placeholder\", \"fields\": {\"slot\": \"content\", \"default_width\": null}}]",
			"revision": 4
		}
	},
	{
		"pk": 13,
		"model": "reversion.version",
		"fields": {
			"format": "json",
			"object_repr": "Home",
			"object_id": "1",
			"content_type": 27,
			"object_id_int": 1,
			"serialized_data": "[{\"pk\": 1, \"model\": \"cms.page\", \"fields\": {\"login_required\": false, \"changed_date\": \"2014-06-30T06:47:54.775Z\", \"limit_visibility_in_menu\": null, \"parent\": null, \"level\": 0, \"reverse_id\": null, \"changed_by\": \"admin\", \"navigation_extenders\": \"\", \"site\": 1, \"created_by\": \"admin\", \"creation_date\": \"2014-06-30T06:11:48.133Z\", \"lft\": 1, \"publication_end_date\": null, \"soft_root\": false, \"template\": \"cms_base.html\", \"published\": true, \"publication_date\": \"2014-06-30T06:47:49.773Z\", \"placeholders\": [1], \"in_navigation\": true, \"rght\": 2, \"tree_id\": 1}}]",
			"revision": 5
		}
	},
	{
		"pk": 14,
		"model": "reversion.version",
		"fields": {
			"format": "json",
			"object_repr": "Home (home, en)",
			"object_id": "1",
			"content_type": 35,
			"object_id_int": 1,
			"serialized_data": "[{\"pk\": 1, \"model\": \"cms.title\", \"fields\": {\"menu_title\": null, \"redirect\": null, \"meta_keywords\": null, \"page_title\": null, \"language\": \"en\", \"title\": \"Home\", \"has_url_overwrite\": false, \"application_urls\": null, \"creation_date\": \"2014-06-30T06:11:48.146Z\", \"page\": 1, \"path\": \"\", \"meta_description\": null, \"slug\": \"home\"}}]",
			"revision": 5
		}
	},
	{
		"pk": 15,
		"model": "reversion.version",
		"fields": {
			"format": "json",
			"object_repr": "content",
			"object_id": "1",
			"content_type": 28,
			"object_id_int": 1,
			"serialized_data": "[{\"pk\": 1, \"model\": \"cms.placeholder\", \"fields\": {\"slot\": \"content\", \"default_width\": null}}]",
			"revision": 5
		}
	},
	{
		"pk": 16,
		"model": "reversion.version",
		"fields": {
			"format": "json",
			"object_repr": "About Us",
			"object_id": "2",
			"content_type": 27,
			"object_id_int": 2,
			"serialized_data": "[{\"pk\": 2, \"model\": \"cms.page\", \"fields\": {\"login_required\": false, \"changed_date\": \"2014-06-30T06:47:55.846Z\", \"limit_visibility_in_menu\": null, \"parent\": null, \"level\": 0, \"reverse_id\": null, \"changed_by\": \"admin\", \"navigation_extenders\": \"\", \"site\": 1, \"created_by\": \"admin\", \"creation_date\": \"2014-06-30T06:46:53.066Z\", \"lft\": 1, \"publication_end_date\": null, \"soft_root\": false, \"template\": \"cms_base.html\", \"published\": true, \"publication_date\": \"2014-06-30T06:47:50.844Z\", \"placeholders\": [2], \"in_navigation\": true, \"rght\": 2, \"tree_id\": 2}}]",
			"revision": 6
		}
	},
	{
		"pk": 17,
		"model": "reversion.version",
		"fields": {
			"format": "json",
			"object_repr": "About Us (about, en)",
			"object_id": "2",
			"content_type": 35,
			"object_id_int": 2,
			"serialized_data": "[{\"pk\": 2, \"model\": \"cms.title\", \"fields\": {\"menu_title\": null, \"redirect\": null, \"meta_keywords\": null, \"page_title\": null, \"language\": \"en\", \"title\": \"About Us\", \"has_url_overwrite\": false, \"application_urls\": null, \"creation_date\": \"2014-06-30T06:46:53.078Z\", \"page\": 2, \"path\": \"about\", \"meta_description\": null, \"slug\": \"about\"}}]",
			"revision": 6
		}
	},
	{
		"pk": 18,
		"model": "reversion.version",
		"fields": {
			"format": "json",
			"object_repr": "content",
			"object_id": "2",
			"content_type": 28,
			"object_id_int": 2,
			"serialized_data": "[{\"pk\": 2, \"model\": \"cms.placeholder\", \"fields\": {\"slot\": \"content\", \"default_width\": null}}]",
			"revision": 6
		}
	},
	{
		"pk": 19,
		"model": "reversion.version",
		"fields": {
			"format": "json",
			"object_repr": "Programs (programs, en)",
			"object_id": "3",
			"content_type": 35,
			"object_id_int": 3,
			"serialized_data": "[{\"pk\": 3, \"model\": \"cms.title\", \"fields\": {\"menu_title\": null, \"redirect\": null, \"meta_keywords\": null, \"page_title\": null, \"language\": \"en\", \"title\": \"Programs\", \"has_url_overwrite\": false, \"application_urls\": null, \"creation_date\": \"2014-06-30T06:47:25.465Z\", \"page\": 3, \"path\": \"programs\", \"meta_description\": null, \"slug\": \"programs\"}}]",
			"revision": 7
		}
	},
	{
		"pk": 20,
		"model": "reversion.version",
		"fields": {
			"format": "json",
			"object_repr": "content",
			"object_id": "3",
			"content_type": 28,
			"object_id_int": 3,
			"serialized_data": "[{\"pk\": 3, \"model\": \"cms.placeholder\", \"fields\": {\"slot\": \"content\", \"default_width\": null}}]",
			"revision": 7
		}
	},
	{
		"pk": 21,
		"model": "reversion.version",
		"fields": {
			"format": "json",
			"object_repr": "Programs",
			"object_id": "3",
			"content_type": 27,
			"object_id_int": 3,
			"serialized_data": "[{\"pk\": 3, \"model\": \"cms.page\", \"fields\": {\"login_required\": false, \"changed_date\": \"2014-06-30T06:47:56.743Z\", \"limit_visibility_in_menu\": null, \"parent\": null, \"level\": 0, \"reverse_id\": null, \"changed_by\": \"admin\", \"navigation_extenders\": \"\", \"site\": 1, \"created_by\": \"admin\", \"creation_date\": \"2014-06-30T06:47:25.452Z\", \"lft\": 1, \"publication_end_date\": null, \"soft_root\": false, \"template\": \"cms_base.html\", \"published\": true, \"publication_date\": \"2014-06-30T06:47:51.741Z\", \"placeholders\": [3], \"in_navigation\": true, \"rght\": 2, \"tree_id\": 3}}]",
			"revision": 7
		}
	},
	{
		"pk": 22,
		"model": "reversion.version",
		"fields": {
			"format": "json",
			"object_repr": "Sponsors (sponsors, en)",
			"object_id": "4",
			"content_type": 35,
			"object_id_int": 4,
			"serialized_data": "[{\"pk\": 4, \"model\": \"cms.title\", \"fields\": {\"menu_title\": null, \"redirect\": null, \"meta_keywords\": null, \"page_title\": null, \"language\": \"en\", \"title\": \"Sponsors\", \"has_url_overwrite\": false, \"application_urls\": null, \"creation_date\": \"2014-06-30T06:47:36.668Z\", \"page\": 4, \"path\": \"sponsors\", \"meta_description\": null, \"slug\": \"sponsors\"}}]",
			"revision": 8
		}
	},
	{
		"pk": 23,
		"model": "reversion.version",
		"fields": {
			"format": "json",
			"object_repr": "Sponsors",
			"object_id": "4",
			"content_type": 27,
			"object_id_int": 4,
			"serialized_data": "[{\"pk\": 4, \"model\": \"cms.page\", \"fields\": {\"login_required\": false, \"changed_date\": \"2014-06-30T06:47:57.812Z\", \"limit_visibility_in_menu\": null, \"parent\": null, \"level\": 0, \"reverse_id\": null, \"changed_by\": \"admin\", \"navigation_extenders\": \"\", \"site\": 1, \"created_by\": \"admin\", \"creation_date\": \"2014-06-30T06:47:36.655Z\", \"lft\": 1, \"publication_end_date\": null, \"soft_root\": false, \"template\": \"cms_base.html\", \"published\": true, \"publication_date\": \"2014-06-30T06:47:52.810Z\", \"placeholders\": [4], \"in_navigation\": true, \"rght\": 2, \"tree_id\": 4}}]",
			"revision": 8
		}
	},
	{
		"pk": 24,
		"model": "reversion.version",
		"fields": {
			"format": "json",
			"object_repr": "content",
			"object_id": "4",
			"content_type": 28,
			"object_id_int": 4,
			"serialized_data": "[{\"pk\": 4, \"model\": \"cms.placeholder\", \"fields\": {\"slot\": \"content\", \"default_width\": null}}]",
			"revision": 8
		}
	},
	{
		"pk": 25,
		"model": "reversion.version",
		"fields": {
			"format": "json",
			"object_repr": "Jobs",
			"object_id": "9",
			"content_type": 27,
			"object_id_int": 9,
			"serialized_data": "[{\"pk\": 9, \"model\": \"cms.page\", \"fields\": {\"login_required\": false, \"changed_date\": \"2014-06-30T06:48:37.086Z\", \"limit_visibility_in_menu\": null, \"parent\": 2, \"level\": 1, \"reverse_id\": null, \"changed_by\": \"admin\", \"navigation_extenders\": \"\", \"site\": 1, \"created_by\": \"admin\", \"creation_date\": \"2014-06-30T06:48:37.086Z\", \"lft\": 2, \"publication_end_date\": null, \"soft_root\": false, \"template\": \"cms_base.html\", \"published\": false, \"publication_date\": null, \"placeholders\": [9], \"in_navigation\": false, \"rght\": 3, \"tree_id\": 2}}]",
			"revision": 9
		}
	},
	{
		"pk": 26,
		"model": "reversion.version",
		"fields": {
			"format": "json",
			"object_repr": "Jobs (jobs, en)",
			"object_id": "9",
			"content_type": 35,
			"object_id_int": 9,
			"serialized_data": "[{\"pk\": 9, \"model\": \"cms.title\", \"fields\": {\"menu_title\": null, \"redirect\": null, \"meta_keywords\": null, \"page_title\": null, \"language\": \"en\", \"title\": \"Jobs\", \"has_url_overwrite\": false, \"application_urls\": null, \"creation_date\": \"2014-06-30T06:48:37.099Z\", \"page\": 9, \"path\": \"about/jobs\", \"meta_description\": null, \"slug\": \"jobs\"}}]",
			"revision": 9
		}
	},
	{
		"pk": 27,
		"model": "reversion.version",
		"fields": {
			"format": "json",
			"object_repr": "content",
			"object_id": "9",
			"content_type": 28,
			"object_id_int": 9,
			"serialized_data": "[{\"pk\": 9, \"model\": \"cms.placeholder\", \"fields\": {\"slot\": \"content\", \"default_width\": null}}]",
			"revision": 9
		}
	},
	{
		"pk": 28,
		"model": "reversion.version",
		"fields": {
			"format": "json",
			"object_repr": "Contact Us",
			"object_id": "10",
			"content_type": 27,
			"object_id_int": 10,
			"serialized_data": "[{\"pk\": 10, \"model\": \"cms.page\", \"fields\": {\"login_required\": false, \"changed_date\": \"2014-06-30T06:49:05.196Z\", \"limit_visibility_in_menu\": null, \"parent\": 2, \"level\": 1, \"reverse_id\": null, \"changed_by\": \"admin\", \"navigation_extenders\": \"\", \"site\": 1, \"created_by\": \"admin\", \"creation_date\": \"2014-06-30T06:49:05.196Z\", \"lft\": 4, \"publication_end_date\": null, \"soft_root\": false, \"template\": \"cms_base.html\", \"published\": false, \"publication_date\": null, \"placeholders\": [10], \"in_navigation\": false, \"rght\": 5, \"tree_id\": 2}}]",
			"revision": 10
		}
	},
	{
		"pk": 29,
		"model": "reversion.version",
		"fields": {
			"format": "json",
			"object_repr": "Contact Us (contact, en)",
			"object_id": "10",
			"content_type": 35,
			"object_id_int": 10,
			"serialized_data": "[{\"pk\": 10, \"model\": \"cms.title\", \"fields\": {\"menu_title\": null, \"redirect\": null, \"meta_keywords\": null, \"page_title\": null, \"language\": \"en\", \"title\": \"Contact Us\", \"has_url_overwrite\": false, \"application_urls\": null, \"creation_date\": \"2014-06-30T06:49:05.209Z\", \"page\": 10, \"path\": \"about/contact\", \"meta_description\": null, \"slug\": \"contact\"}}]",
			"revision": 10
		}
	},
	{
		"pk": 30,
		"model": "reversion.version",
		"fields": {
			"format": "json",
			"object_repr": "content",
			"object_id": "10",
			"content_type": 28,
			"object_id_int": 10,
			"serialized_data": "[{\"pk\": 10, \"model\": \"cms.placeholder\", \"fields\": {\"slot\": \"content\", \"default_width\": null}}]",
			"revision": 10
		}
	},
	{
		"pk": 31,
		"model": "reversion.version",
		"fields": {
			"format": "json",
			"object_repr": "Directions (directions, en)",
			"object_id": "11",
			"content_type": 35,
			"object_id_int": 11,
			"serialized_data": "[{\"pk\": 11, \"model\": \"cms.title\", \"fields\": {\"menu_title\": null, \"redirect\": null, \"meta_keywords\": null, \"page_title\": null, \"language\": \"en\", \"title\": \"Directions\", \"has_url_overwrite\": false, \"application_urls\": null, \"creation_date\": \"2014-06-30T06:49:17.109Z\", \"page\": 11, \"path\": \"about/directions\", \"meta_description\": null, \"slug\": \"directions\"}}]",
			"revision": 11
		}
	},
	{
		"pk": 32,
		"model": "reversion.version",
		"fields": {
			"format": "json",
			"object_repr": "content",
			"object_id": "11",
			"content_type": 28,
			"object_id_int": 11,
			"serialized_data": "[{\"pk\": 11, \"model\": \"cms.placeholder\", \"fields\": {\"slot\": \"content\", \"default_width\": null}}]",
			"revision": 11
		}
	},
	{
		"pk": 33,
		"model": "reversion.version",
		"fields": {
			"format": "json",
			"object_repr": "Directions",
			"object_id": "11",
			"content_type": 27,
			"object_id_int": 11,
			"serialized_data": "[{\"pk\": 11, \"model\": \"cms.page\", \"fields\": {\"login_required\": false, \"changed_date\": \"2014-06-30T06:49:17.096Z\", \"limit_visibility_in_menu\": null, \"parent\": 2, \"level\": 1, \"reverse_id\": null, \"changed_by\": \"admin\", \"navigation_extenders\": \"\", \"site\": 1, \"created_by\": \"admin\", \"creation_date\": \"2014-06-30T06:49:17.096Z\", \"lft\": 6, \"publication_end_date\": null, \"soft_root\": false, \"template\": \"cms_base.html\", \"published\": false, \"publication_date\": null, \"placeholders\": [11], \"in_navigation\": false, \"rght\": 7, \"tree_id\": 2}}]",
			"revision": 11
		}
	},
	{
		"pk": 34,
		"model": "reversion.version",
		"fields": {
			"format": "json",
			"object_repr": "Juniors (juniors, en)",
			"object_id": "12",
			"content_type": 35,
			"object_id_int": 12,
			"serialized_data": "[{\"pk\": 12, \"model\": \"cms.title\", \"fields\": {\"menu_title\": null, \"redirect\": null, \"meta_keywords\": null, \"page_title\": null, \"language\": \"en\", \"title\": \"Juniors\", \"has_url_overwrite\": false, \"application_urls\": null, \"creation_date\": \"2014-06-30T06:49:31.318Z\", \"page\": 12, \"path\": \"programs/juniors\", \"meta_description\": null, \"slug\": \"juniors\"}}]",
			"revision": 12
		}
	},
	{
		"pk": 35,
		"model": "reversion.version",
		"fields": {
			"format": "json",
			"object_repr": "Juniors",
			"object_id": "12",
			"content_type": 27,
			"object_id_int": 12,
			"serialized_data": "[{\"pk\": 12, \"model\": \"cms.page\", \"fields\": {\"login_required\": false, \"changed_date\": \"2014-06-30T06:49:31.305Z\", \"limit_visibility_in_menu\": null, \"parent\": 3, \"level\": 1, \"reverse_id\": null, \"changed_by\": \"admin\", \"navigation_extenders\": \"\", \"site\": 1, \"created_by\": \"admin\", \"creation_date\": \"2014-06-30T06:49:31.305Z\", \"lft\": 2, \"publication_end_date\": null, \"soft_root\": false, \"template\": \"cms_base.html\", \"published\": false, \"publication_date\": null, \"placeholders\": [12], \"in_navigation\": false, \"rght\": 3, \"tree_id\": 3}}]",
			"revision": 12
		}
	},
	{
		"pk": 36,
		"model": "reversion.version",
		"fields": {
			"format": "json",
			"object_repr": "content",
			"object_id": "12",
			"content_type": 28,
			"object_id_int": 12,
			"serialized_data": "[{\"pk\": 12, \"model\": \"cms.placeholder\", \"fields\": {\"slot\": \"content\", \"default_width\": null}}]",
			"revision": 12
		}
	},
	{
		"pk": 37,
		"model": "reversion.version",
		"fields": {
			"format": "json",
			"object_repr": "Seniors (seniors, en)",
			"object_id": "13",
			"content_type": 35,
			"object_id_int": 13,
			"serialized_data": "[{\"pk\": 13, \"model\": \"cms.title\", \"fields\": {\"menu_title\": null, \"redirect\": null, \"meta_keywords\": null, \"page_title\": null, \"language\": \"en\", \"title\": \"Seniors\", \"has_url_overwrite\": false, \"application_urls\": null, \"creation_date\": \"2014-06-30T06:49:46.138Z\", \"page\": 13, \"path\": \"programs/seniors\", \"meta_description\": null, \"slug\": \"seniors\"}}]",
			"revision": 13
		}
	},
	{
		"pk": 38,
		"model": "reversion.version",
		"fields": {
			"format": "json",
			"object_repr": "Seniors",
			"object_id": "13",
			"content_type": 27,
			"object_id_int": 13,
			"serialized_data": "[{\"pk\": 13, \"model\": \"cms.page\", \"fields\": {\"login_required\": false, \"changed_date\": \"2014-06-30T06:49:46.125Z\", \"limit_visibility_in_menu\": null, \"parent\": 3, \"level\": 1, \"reverse_id\": null, \"changed_by\": \"admin\", \"navigation_extenders\": \"\", \"site\": 1, \"created_by\": \"admin\", \"creation_date\": \"2014-06-30T06:49:46.125Z\", \"lft\": 4, \"publication_end_date\": null, \"soft_root\": false, \"template\": \"cms_base.html\", \"published\": false, \"publication_date\": null, \"placeholders\": [13], \"in_navigation\": false, \"rght\": 5, \"tree_id\": 3}}]",
			"revision": 13
		}
	},
	{
		"pk": 39,
		"model": "reversion.version",
		"fields": {
			"format": "json",
			"object_repr": "content",
			"object_id": "13",
			"content_type": 28,
			"object_id_int": 13,
			"serialized_data": "[{\"pk\": 13, \"model\": \"cms.placeholder\", \"fields\": {\"slot\": \"content\", \"default_width\": null}}]",
			"revision": 13
		}
	},
	{
		"pk": 40,
		"model": "reversion.version",
		"fields": {
			"format": "json",
			"object_repr": "Jobs",
			"object_id": "9",
			"content_type": 27,
			"object_id_int": 9,
			"serialized_data": "[{\"pk\": 9, \"model\": \"cms.page\", \"fields\": {\"login_required\": false, \"changed_date\": \"2014-06-30T06:49:54.114Z\", \"limit_visibility_in_menu\": null, \"parent\": 2, \"level\": 1, \"reverse_id\": null, \"changed_by\": \"admin\", \"navigation_extenders\": \"\", \"site\": 1, \"created_by\": \"admin\", \"creation_date\": \"2014-06-30T06:48:37.086Z\", \"lft\": 2, \"publication_end_date\": null, \"soft_root\": false, \"template\": \"cms_base.html\", \"published\": true, \"publication_date\": \"2014-06-30T06:49:49.112Z\", \"placeholders\": [9], \"in_navigation\": true, \"rght\": 3, \"tree_id\": 2}}]",
			"revision": 14
		}
	},
	{
		"pk": 41,
		"model": "reversion.version",
		"fields": {
			"format": "json",
			"object_repr": "Jobs (jobs, en)",
			"object_id": "9",
			"content_type": 35,
			"object_id_int": 9,
			"serialized_data": "[{\"pk\": 9, \"model\": \"cms.title\", \"fields\": {\"menu_title\": null, \"redirect\": null, \"meta_keywords\": null, \"page_title\": null, \"language\": \"en\", \"title\": \"Jobs\", \"has_url_overwrite\": false, \"application_urls\": null, \"creation_date\": \"2014-06-30T06:48:37.099Z\", \"page\": 9, \"path\": \"about/jobs\", \"meta_description\": null, \"slug\": \"jobs\"}}]",
			"revision": 14
		}
	},
	{
		"pk": 42,
		"model": "reversion.version",
		"fields": {
			"format": "json",
			"object_repr": "content",
			"object_id": "9",
			"content_type": 28,
			"object_id_int": 9,
			"serialized_data": "[{\"pk\": 9, \"model\": \"cms.placeholder\", \"fields\": {\"slot\": \"content\", \"default_width\": null}}]",
			"revision": 14
		}
	},
	{
		"pk": 43,
		"model": "reversion.version",
		"fields": {
			"format": "json",
			"object_repr": "Contact Us",
			"object_id": "10",
			"content_type": 27,
			"object_id_int": 10,
			"serialized_data": "[{\"pk\": 10, \"model\": \"cms.page\", \"fields\": {\"login_required\": false, \"changed_date\": \"2014-06-30T06:49:55.183Z\", \"limit_visibility_in_menu\": null, \"parent\": 2, \"level\": 1, \"reverse_id\": null, \"changed_by\": \"admin\", \"navigation_extenders\": \"\", \"site\": 1, \"created_by\": \"admin\", \"creation_date\": \"2014-06-30T06:49:05.196Z\", \"lft\": 4, \"publication_end_date\": null, \"soft_root\": false, \"template\": \"cms_base.html\", \"published\": true, \"publication_date\": \"2014-06-30T06:49:50.182Z\", \"placeholders\": [10], \"in_navigation\": true, \"rght\": 5, \"tree_id\": 2}}]",
			"revision": 15
		}
	},
	{
		"pk": 44,
		"model": "reversion.version",
		"fields": {
			"format": "json",
			"object_repr": "Contact Us (contact, en)",
			"object_id": "10",
			"content_type": 35,
			"object_id_int": 10,
			"serialized_data": "[{\"pk\": 10, \"model\": \"cms.title\", \"fields\": {\"menu_title\": null, \"redirect\": null, \"meta_keywords\": null, \"page_title\": null, \"language\": \"en\", \"title\": \"Contact Us\", \"has_url_overwrite\": false, \"application_urls\": null, \"creation_date\": \"2014-06-30T06:49:05.209Z\", \"page\": 10, \"path\": \"about/contact\", \"meta_description\": null, \"slug\": \"contact\"}}]",
			"revision": 15
		}
	},
	{
		"pk": 45,
		"model": "reversion.version",
		"fields": {
			"format": "json",
			"object_repr": "content",
			"object_id": "10",
			"content_type": 28,
			"object_id_int": 10,
			"serialized_data": "[{\"pk\": 10, \"model\": \"cms.placeholder\", \"fields\": {\"slot\": \"content\", \"default_width\": null}}]",
			"revision": 15
		}
	},
	{
		"pk": 46,
		"model": "reversion.version",
		"fields": {
			"format": "json",
			"object_repr": "Directions (directions, en)",
			"object_id": "11",
			"content_type": 35,
			"object_id_int": 11,
			"serialized_data": "[{\"pk\": 11, \"model\": \"cms.title\", \"fields\": {\"menu_title\": null, \"redirect\": null, \"meta_keywords\": null, \"page_title\": null, \"language\": \"en\", \"title\": \"Directions\", \"has_url_overwrite\": false, \"application_urls\": null, \"creation_date\": \"2014-06-30T06:49:17.109Z\", \"page\": 11, \"path\": \"about/directions\", \"meta_description\": null, \"slug\": \"directions\"}}]",
			"revision": 16
		}
	},
	{
		"pk": 47,
		"model": "reversion.version",
		"fields": {
			"format": "json",
			"object_repr": "content",
			"object_id": "11",
			"content_type": 28,
			"object_id_int": 11,
			"serialized_data": "[{\"pk\": 11, \"model\": \"cms.placeholder\", \"fields\": {\"slot\": \"content\", \"default_width\": null}}]",
			"revision": 16
		}
	},
	{
		"pk": 48,
		"model": "reversion.version",
		"fields": {
			"format": "json",
			"object_repr": "Directions",
			"object_id": "11",
			"content_type": 27,
			"object_id_int": 11,
			"serialized_data": "[{\"pk\": 11, \"model\": \"cms.page\", \"fields\": {\"login_required\": false, \"changed_date\": \"2014-06-30T06:49:55.906Z\", \"limit_visibility_in_menu\": null, \"parent\": 2, \"level\": 1, \"reverse_id\": null, \"changed_by\": \"admin\", \"navigation_extenders\": \"\", \"site\": 1, \"created_by\": \"admin\", \"creation_date\": \"2014-06-30T06:49:17.096Z\", \"lft\": 6, \"publication_end_date\": null, \"soft_root\": false, \"template\": \"cms_base.html\", \"published\": true, \"publication_date\": \"2014-06-30T06:49:50.904Z\", \"placeholders\": [11], \"in_navigation\": true, \"rght\": 7, \"tree_id\": 2}}]",
			"revision": 16
		}
	},
	{
		"pk": 49,
		"model": "reversion.version",
		"fields": {
			"format": "json",
			"object_repr": "Juniors (juniors, en)",
			"object_id": "12",
			"content_type": 35,
			"object_id_int": 12,
			"serialized_data": "[{\"pk\": 12, \"model\": \"cms.title\", \"fields\": {\"menu_title\": null, \"redirect\": null, \"meta_keywords\": null, \"page_title\": null, \"language\": \"en\", \"title\": \"Juniors\", \"has_url_overwrite\": false, \"application_urls\": null, \"creation_date\": \"2014-06-30T06:49:31.318Z\", \"page\": 12, \"path\": \"programs/juniors\", \"meta_description\": null, \"slug\": \"juniors\"}}]",
			"revision": 17
		}
	},
	{
		"pk": 50,
		"model": "reversion.version",
		"fields": {
			"format": "json",
			"object_repr": "Juniors",
			"object_id": "12",
			"content_type": 27,
			"object_id_int": 12,
			"serialized_data": "[{\"pk\": 12, \"model\": \"cms.page\", \"fields\": {\"login_required\": false, \"changed_date\": \"2014-06-30T06:49:56.849Z\", \"limit_visibility_in_menu\": null, \"parent\": 3, \"level\": 1, \"reverse_id\": null, \"changed_by\": \"admin\", \"navigation_extenders\": \"\", \"site\": 1, \"created_by\": \"admin\", \"creation_date\": \"2014-06-30T06:49:31.305Z\", \"lft\": 2, \"publication_end_date\": null, \"soft_root\": false, \"template\": \"cms_base.html\", \"published\": true, \"publication_date\": \"2014-06-30T06:49:51.847Z\", \"placeholders\": [12], \"in_navigation\": true, \"rght\": 3, \"tree_id\": 3}}]",
			"revision": 17
		}
	},
	{
		"pk": 51,
		"model": "reversion.version",
		"fields": {
			"format": "json",
			"object_repr": "content",
			"object_id": "12",
			"content_type": 28,
			"object_id_int": 12,
			"serialized_data": "[{\"pk\": 12, \"model\": \"cms.placeholder\", \"fields\": {\"slot\": \"content\", \"default_width\": null}}]",
			"revision": 17
		}
	},
	{
		"pk": 52,
		"model": "reversion.version",
		"fields": {
			"format": "json",
			"object_repr": "Seniors (seniors, en)",
			"object_id": "13",
			"content_type": 35,
			"object_id_int": 13,
			"serialized_data": "[{\"pk\": 13, \"model\": \"cms.title\", \"fields\": {\"menu_title\": null, \"redirect\": null, \"meta_keywords\": null, \"page_title\": null, \"language\": \"en\", \"title\": \"Seniors\", \"has_url_overwrite\": false, \"application_urls\": null, \"creation_date\": \"2014-06-30T06:49:46.138Z\", \"page\": 13, \"path\": \"programs/seniors\", \"meta_description\": null, \"slug\": \"seniors\"}}]",
			"revision": 18
		}
	},
	{
		"pk": 53,
		"model": "reversion.version",
		"fields": {
			"format": "json",
			"object_repr": "Seniors",
			"object_id": "13",
			"content_type": 27,
			"object_id_int": 13,
			"serialized_data": "[{\"pk\": 13, \"model\": \"cms.page\", \"fields\": {\"login_required\": false, \"changed_date\": \"2014-06-30T06:49:57.746Z\", \"limit_visibility_in_menu\": null, \"parent\": 3, \"level\": 1, \"reverse_id\": null, \"changed_by\": \"admin\", \"navigation_extenders\": \"\", \"site\": 1, \"created_by\": \"admin\", \"creation_date\": \"2014-06-30T06:49:46.125Z\", \"lft\": 4, \"publication_end_date\": null, \"soft_root\": false, \"template\": \"cms_base.html\", \"published\": true, \"publication_date\": \"2014-06-30T06:49:52.744Z\", \"placeholders\": [13], \"in_navigation\": true, \"rght\": 5, \"tree_id\": 3}}]",
			"revision": 18
		}
	},
	{
		"pk": 54,
		"model": "reversion.version",
		"fields": {
			"format": "json",
			"object_repr": "content",
			"object_id": "13",
			"content_type": 28,
			"object_id_int": 13,
			"serialized_data": "[{\"pk\": 13, \"model\": \"cms.placeholder\", \"fields\": {\"slot\": \"content\", \"default_width\": null}}]",
			"revision": 18
		}
	},
	{
		"pk": 94,
		"model": "reversion.version",
		"fields": {
			"format": "json",
			"object_repr": "Home",
			"object_id": "1",
			"content_type": 27,
			"object_id_int": 1,
			"serialized_data": "[{\"pk\": 1, \"model\": \"cms.page\", \"fields\": {\"login_required\": false, \"changed_date\": \"2014-06-30T06:54:05.382Z\", \"limit_visibility_in_menu\": null, \"parent\": null, \"level\": 0, \"reverse_id\": null, \"changed_by\": \"admin\", \"navigation_extenders\": \"\", \"site\": 1, \"created_by\": \"admin\", \"creation_date\": \"2014-06-30T06:11:48.133Z\", \"lft\": 1, \"publication_end_date\": null, \"soft_root\": false, \"template\": \"cms_base.html\", \"published\": true, \"publication_date\": \"2014-06-30T06:47:49.773Z\", \"placeholders\": [1], \"in_navigation\": true, \"rght\": 2, \"tree_id\": 1}}]",
			"revision": 25
		}
	},
	{
		"pk": 95,
		"model": "reversion.version",
		"fields": {
			"format": "json",
			"object_repr": "Latest News",
			"object_id": "2",
			"content_type": 43,
			"object_id_int": 2,
			"serialized_data": "[{\"pk\": 2, \"model\": \"text.text\", \"fields\": {\"body\": \"<h1>Latest News</h1>\"}}]",
			"revision": 25
		}
	},
	{
		"pk": 96,
		"model": "reversion.version",
		"fields": {
			"format": "json",
			"object_repr": "3 entries",
			"object_id": "3",
			"content_type": 52,
			"object_id_int": 3,
			"serialized_data": "[{\"pk\": 3, \"model\": \"cmsplugin_zinnia.latestentriesplugin\", \"fields\": {\"template_to_render\": \"cmsplugin_zinnia/entry_detail.html\", \"tags\": [], \"authors\": [], \"number_of_entries\": 3, \"featured\": null, \"subcategories\": true, \"offset\": 0, \"categories\": []}}]",
			"revision": 25
		}
	},
	{
		"pk": 97,
		"model": "reversion.version",
		"fields": {
			"format": "json",
			"object_repr": "Welcome to the Organice Dem...",
			"object_id": "1",
			"content_type": 43,
			"object_id_int": 1,
			"serialized_data": "[{\"pk\": 1, \"model\": \"text.text\", \"fields\": {\"body\": \"<h1>Welcome to the Organice Demo Site!</h1><p>You can use the User Menu in the right upper corner to log in or register for an account. You can immediately modify the content of this website after logging in.</p>\"}}]",
			"revision": 25
		}
	},
	{
		"pk": 98,
		"model": "reversion.version",
		"fields": {
			"format": "json",
			"object_repr": "1",
			"object_id": "1",
			"content_type": 29,
			"object_id_int": 1,
			"serialized_data": "[{\"pk\": 1, \"model\": \"cms.cmsplugin\", \"fields\": {\"rght\": 2, \"changed_date\": \"2014-06-30T06:52:37.894Z\", \"parent\": null, \"language\": \"en\", \"level\": 0, \"creation_date\": \"2014-06-30T06:52:11.159Z\", \"lft\": 1, \"tree_id\": 1, \"position\": 0, \"placeholder\": 1, \"plugin_type\": \"TextPlugin\"}}]",
			"revision": 25
		}
	},
	{
		"pk": 99,
		"model": "reversion.version",
		"fields": {
			"format": "json",
			"object_repr": "Home (home, en)",
			"object_id": "1",
			"content_type": 35,
			"object_id_int": 1,
			"serialized_data": "[{\"pk\": 1, \"model\": \"cms.title\", \"fields\": {\"menu_title\": null, \"redirect\": null, \"meta_keywords\": null, \"page_title\": null, \"language\": \"en\", \"title\": \"Home\", \"has_url_overwrite\": false, \"application_urls\": null, \"creation_date\": \"2014-06-30T06:11:48.146Z\", \"page\": 1, \"path\": \"\", \"meta_description\": null, \"slug\": \"home\"}}]",
			"revision": 25
		}
	},
	{
		"pk": 100,
		"model": "reversion.version",
		"fields": {
			"format": "json",
			"object_repr": "2",
			"object_id": "2",
			"content_type": 29,
			"object_id_int": 2,
			"serialized_data": "[{\"pk\": 2, \"model\": \"cms.cmsplugin\", \"fields\": {\"rght\": 2, \"changed_date\": \"2014-06-30T06:53:16.527Z\", \"parent\": null, \"language\": \"en\", \"level\": 0, \"creation_date\": \"2014-06-30T06:52:57.276Z\", \"lft\": 1, \"tree_id\": 2, \"position\": 1, \"placeholder\": 1, \"plugin_type\": \"TextPlugin\"}}]",
			"revision": 25
		}
	},
	{
		"pk": 101,
		"model": "reversion.version",
		"fields": {
			"format": "json",
			"object_repr": "3",
			"object_id": "3",
			"content_type": 29,
			"object_id_int": 3,
			"serialized_data": "[{\"pk\": 3, \"model\": \"cms.cmsplugin\", \"fields\": {\"rght\": 2, \"changed_date\": \"2014-06-30T06:53:52.378Z\", \"parent\": null, \"language\": \"en\", \"level\": 0, \"creation_date\": \"2014-06-30T06:53:27.708Z\", \"lft\": 1, \"tree_id\": 3, \"position\": 2, \"placeholder\": 1, \"plugin_type\": \"CMSLatestEntriesPlugin\"}}]",
			"revision": 25
		}
	},
	{
		"pk": 102,
		"model": "reversion.version",
		"fields": {
			"format": "json",
			"object_repr": "content",
			"object_id": "1",
			"content_type": 28,
			"object_id_int": 1,
			"serialized_data": "[{\"pk\": 1, \"model\": \"cms.placeholder\", \"fields\": {\"slot\": \"content\", \"default_width\": null}}]",
			"revision": 25
		}
	},
	{
		"pk": 112,
		"model": "reversion.version",
		"fields": {
			"format": "json",
			"object_repr": "About Us (about, en)",
			"object_id": "2",
			"content_type": 35,
			"object_id_int": 2,
			"serialized_data": "[{\"pk\": 2, \"model\": \"cms.title\", \"fields\": {\"menu_title\": null, \"redirect\": null, \"meta_keywords\": null, \"page_title\": null, \"language\": \"en\", \"title\": \"About Us\", \"has_url_overwrite\": false, \"application_urls\": null, \"creation_date\": \"2014-06-30T06:46:53.078Z\", \"page\": 2, \"path\": \"about\", \"meta_description\": null, \"slug\": \"about\"}}]",
			"revision": 28
		}
	},
	{
		"pk": 113,
		"model": "reversion.version",
		"fields": {
			"format": "json",
			"object_repr": "About Us",
			"object_id": "2",
			"content_type": 27,
			"object_id_int": 2,
			"serialized_data": "[{\"pk\": 2, \"model\": \"cms.page\", \"fields\": {\"login_required\": false, \"changed_date\": \"2014-06-30T07:36:55.444Z\", \"limit_visibility_in_menu\": null, \"parent\": null, \"level\": 0, \"reverse_id\": null, \"changed_by\": \"admin\", \"navigation_extenders\": \"\", \"site\": 1, \"created_by\": \"admin\", \"creation_date\": \"2014-06-30T06:46:53.066Z\", \"lft\": 1, \"publication_end_date\": null, \"soft_root\": false, \"template\": \"cms_base.html\", \"published\": true, \"publication_date\": \"2014-06-30T06:47:50.844Z\", \"placeholders\": [2], \"in_navigation\": true, \"rght\": 8, \"tree_id\": 2}}]",
			"revision": 28
		}
	},
	{
		"pk": 114,
		"model": "reversion.version",
		"fields": {
			"format": "json",
			"object_repr": "About UsWe are Demo Company...",
			"object_id": "7",
			"content_type": 43,
			"object_id_int": 7,
			"serialized_data": "[{\"pk\": 7, \"model\": \"text.text\", \"fields\": {\"body\": \"<h1>About Us</h1><p>We are Demo Company. The greatest place on earth! That's what we are.</p>\"}}]",
			"revision": 28
		}
	},
	{
		"pk": 115,
		"model": "reversion.version",
		"fields": {
			"format": "json",
			"object_repr": "content",
			"object_id": "2",
			"content_type": 28,
			"object_id_int": 2,
			"serialized_data": "[{\"pk\": 2, \"model\": \"cms.placeholder\", \"fields\": {\"slot\": \"content\", \"default_width\": null}}]",
			"revision": 28
		}
	},
	{
		"pk": 116,
		"model": "reversion.version",
		"fields": {
			"format": "json",
			"object_repr": "7",
			"object_id": "7",
			"content_type": 29,
			"object_id_int": 7,
			"serialized_data": "[{\"pk\": 7, \"model\": \"cms.cmsplugin\", \"fields\": {\"rght\": 2, \"changed_date\": \"2014-06-30T07:36:26.855Z\", \"parent\": null, \"language\": \"en\", \"level\": 0, \"creation_date\": \"2014-06-30T07:36:07.690Z\", \"lft\": 1, \"tree_id\": 7, \"position\": 0, \"placeholder\": 2, \"plugin_type\": \"TextPlugin\"}}]",
			"revision": 28
		}
	},
	{
		"pk": 131,
		"model": "reversion.version",
		"fields": {
			"format": "json",
			"object_repr": "Programs (programs, en)",
			"object_id": "3",
			"content_type": 35,
			"object_id_int": 3,
			"serialized_data": "[{\"pk\": 3, \"model\": \"cms.title\", \"fields\": {\"menu_title\": null, \"redirect\": null, \"meta_keywords\": null, \"page_title\": null, \"language\": \"en\", \"title\": \"Programs\", \"has_url_overwrite\": false, \"application_urls\": null, \"creation_date\": \"2014-06-30T06:47:25.465Z\", \"page\": 3, \"path\": \"programs\", \"meta_description\": null, \"slug\": \"programs\"}}]",
			"revision": 32
		}
	},
	{
		"pk": 132,
		"model": "reversion.version",
		"fields": {
			"format": "json",
			"object_repr": "ProgramsDemo Company is at ...",
			"object_id": "9",
			"content_type": 43,
			"object_id_int": 9,
			"serialized_data": "[{\"pk\": 9, \"model\": \"text.text\", \"fields\": {\"body\": \"<h1>Programs</h1><p>Demo Company is at the forefront of providing progressive education programs to all ages and skill levels, whether recreational or competitive, youth or adult.</p><p>At the heart of our programs there is always fun. This is the foundation of our work to develop world-class talents.</p>\"}}]",
			"revision": 32
		}
	},
	{
		"pk": 133,
		"model": "reversion.version",
		"fields": {
			"format": "json",
			"object_repr": "Programs",
			"object_id": "3",
			"content_type": 27,
			"object_id_int": 3,
			"serialized_data": "[{\"pk\": 3, \"model\": \"cms.page\", \"fields\": {\"login_required\": false, \"changed_date\": \"2014-06-30T07:39:10.813Z\", \"limit_visibility_in_menu\": null, \"parent\": null, \"level\": 0, \"reverse_id\": null, \"changed_by\": \"admin\", \"navigation_extenders\": \"\", \"site\": 1, \"created_by\": \"admin\", \"creation_date\": \"2014-06-30T06:47:25.452Z\", \"lft\": 1, \"publication_end_date\": null, \"soft_root\": false, \"template\": \"cms_base.html\", \"published\": true, \"publication_date\": \"2014-06-30T06:47:51.741Z\", \"placeholders\": [3], \"in_navigation\": true, \"rght\": 6, \"tree_id\": 3}}]",
			"revision": 32
		}
	},
	{
		"pk": 134,
		"model": "reversion.version",
		"fields": {
			"format": "json",
			"object_repr": "content",
			"object_id": "3",
			"content_type": 28,
			"object_id_int": 3,
			"serialized_data": "[{\"pk\": 3, \"model\": \"cms.placeholder\", \"fields\": {\"slot\": \"content\", \"default_width\": null}}]",
			"revision": 32
		}
	},
	{
		"pk": 135,
		"model": "reversion.version",
		"fields": {
			"format": "json",
			"object_repr": "9",
			"object_id": "9",
			"content_type": 29,
			"object_id_int": 9,
			"serialized_data": "[{\"pk\": 9, \"model\": \"cms.cmsplugin\", \"fields\": {\"rght\": 2, \"changed_date\": \"2014-06-30T07:38:33.350Z\", \"parent\": null, \"language\": \"en\", \"level\": 0, \"creation_date\": \"2014-06-30T07:37:34.312Z\", \"lft\": 1, \"tree_id\": 9, \"position\": 0, \"placeholder\": 3, \"plugin_type\": \"TextPlugin\"}}]",
			"revision": 32
		}
	},
	{
		"pk": 175,
		"model": "reversion.version",
		"fields": {
			"format": "json",
			"object_repr": "SponsorsPlease applaud our ...",
			"object_id": "11",
			"content_type": 43,
			"object_id_int": 11,
			"serialized_data": "[{\"pk\": 11, \"model\": \"text.text\", \"fields\": {\"body\": \"<h1>Sponsors</h1><p>Please applaud our very special sponsors. Say \\\"thank you\\\" with us. They trust in us that we give our best.</p>\"}}]",
			"revision": 39
		}
	},
	{
		"pk": 176,
		"model": "reversion.version",
		"fields": {
			"format": "json",
			"object_repr": "Sponsors",
			"object_id": "4",
			"content_type": 27,
			"object_id_int": 4,
			"serialized_data": "[{\"pk\": 4, \"model\": \"cms.page\", \"fields\": {\"login_required\": false, \"changed_date\": \"2014-06-30T07:40:56.956Z\", \"limit_visibility_in_menu\": null, \"parent\": null, \"level\": 0, \"reverse_id\": null, \"changed_by\": \"admin\", \"navigation_extenders\": \"\", \"site\": 1, \"created_by\": \"admin\", \"creation_date\": \"2014-06-30T06:47:36.655Z\", \"lft\": 1, \"publication_end_date\": null, \"soft_root\": false, \"template\": \"cms_base.html\", \"published\": true, \"publication_date\": \"2014-06-30T06:47:52.810Z\", \"placeholders\": [4], \"in_navigation\": true, \"rght\": 2, \"tree_id\": 4}}]",
			"revision": 39
		}
	},
	{
		"pk": 177,
		"model": "reversion.version",
		"fields": {
			"format": "json",
			"object_repr": "Gold Sponsors...",
			"object_id": "12",
			"content_type": 43,
			"object_id_int": 12,
			"serialized_data": "[{\"pk\": 12, \"model\": \"text.text\", \"fields\": {\"body\": \"<h2>Gold Sponsors</h2><p>...</p>\"}}]",
			"revision": 39
		}
	},
	{
		"pk": 178,
		"model": "reversion.version",
		"fields": {
			"format": "json",
			"object_repr": "11",
			"object_id": "11",
			"content_type": 29,
			"object_id_int": 11,
			"serialized_data": "[{\"pk\": 11, \"model\": \"cms.cmsplugin\", \"fields\": {\"rght\": 2, \"changed_date\": \"2014-06-30T07:39:43.299Z\", \"parent\": null, \"language\": \"en\", \"level\": 0, \"creation_date\": \"2014-06-30T07:39:24.434Z\", \"lft\": 1, \"tree_id\": 11, \"position\": 0, \"placeholder\": 4, \"plugin_type\": \"TextPlugin\"}}]",
			"revision": 39
		}
	},
	{
		"pk": 179,
		"model": "reversion.version",
		"fields": {
			"format": "json",
			"object_repr": "12",
			"object_id": "12",
			"content_type": 29,
			"object_id_int": 12,
			"serialized_data": "[{\"pk\": 12, \"model\": \"cms.cmsplugin\", \"fields\": {\"rght\": 2, \"changed_date\": \"2014-06-30T07:40:17.658Z\", \"parent\": null, \"language\": \"en\", \"level\": 0, \"creation_date\": \"2014-06-30T07:40:01.916Z\", \"lft\": 1, \"tree_id\": 12, \"position\": 1, \"placeholder\": 4, \"plugin_type\": \"TextPlugin\"}}]",
			"revision": 39
		}
	},
	{
		"pk": 180,
		"model": "reversion.version",
		"fields": {
			"format": "json",
			"object_repr": "Silver Sponsors...",
			"object_id": "13",
			"content_type": 43,
			"object_id_int": 13,
			"serialized_data": "[{\"pk\": 13, \"model\": \"text.text\", \"fields\": {\"body\": \"<h2>Silver Sponsors</h2><p>...</p>\"}}]",
			"revision": 39
		}
	},
	{
		"pk": 181,
		"model": "reversion.version",
		"fields": {
			"format": "json",
			"object_repr": "13",
			"object_id": "13",
			"content_type": 29,
			"object_id_int": 13,
			"serialized_data": "[{\"pk\": 13, \"model\": \"cms.cmsplugin\", \"fields\": {\"rght\": 2, \"changed_date\": \"2014-06-30T07:40:47.941Z\", \"parent\": null, \"language\": \"en\", \"level\": 0, \"creation_date\": \"2014-06-30T07:40:26.454Z\", \"lft\": 1, \"tree_id\": 13, \"position\": 2, \"placeholder\": 4, \"plugin_type\": \"TextPlugin\"}}]",
			"revision": 39
		}
	},
	{
		"pk": 182,
		"model": "reversion.version",
		"fields": {
			"format": "json",
			"object_repr": "Sponsors (sponsors, en)",
			"object_id": "4",
			"content_type": 35,
			"object_id_int": 4,
			"serialized_data": "[{\"pk\": 4, \"model\": \"cms.title\", \"fields\": {\"menu_title\": null, \"redirect\": null, \"meta_keywords\": null, \"page_title\": null, \"language\": \"en\", \"title\": \"Sponsors\", \"has_url_overwrite\": false, \"application_urls\": null, \"creation_date\": \"2014-06-30T06:47:36.668Z\", \"page\": 4, \"path\": \"sponsors\", \"meta_description\": null, \"slug\": \"sponsors\"}}]",
			"revision": 39
		}
	},
	{
		"pk": 183,
		"model": "reversion.version",
		"fields": {
			"format": "json",
			"object_repr": "content",
			"object_id": "4",
			"content_type": 28,
			"object_id_int": 4,
			"serialized_data": "[{\"pk\": 4, \"model\": \"cms.placeholder\", \"fields\": {\"slot\": \"content\", \"default_width\": null}}]",
			"revision": 39
		}
	},
	{
		"pk": 193,
		"model": "reversion.version",
		"fields": {
			"format": "json",
			"object_repr": "Jobs",
			"object_id": "9",
			"content_type": 27,
			"object_id_int": 9,
			"serialized_data": "[{\"pk\": 9, \"model\": \"cms.page\", \"fields\": {\"login_required\": false, \"changed_date\": \"2014-06-30T07:43:07.147Z\", \"limit_visibility_in_menu\": null, \"parent\": 2, \"level\": 1, \"reverse_id\": null, \"changed_by\": \"admin\", \"navigation_extenders\": \"\", \"site\": 1, \"created_by\": \"admin\", \"creation_date\": \"2014-06-30T06:48:37.086Z\", \"lft\": 2, \"publication_end_date\": null, \"soft_root\": false, \"template\": \"cms_base.html\", \"published\": true, \"publication_date\": \"2014-06-30T06:49:49.112Z\", \"placeholders\": [9], \"in_navigation\": true, \"rght\": 3, \"tree_id\": 2}}]",
			"revision": 42
		}
	},
	{
		"pk": 194,
		"model": "reversion.version",
		"fields": {
			"format": "json",
			"object_repr": "Jobs (jobs, en)",
			"object_id": "9",
			"content_type": 35,
			"object_id_int": 9,
			"serialized_data": "[{\"pk\": 9, \"model\": \"cms.title\", \"fields\": {\"menu_title\": null, \"redirect\": null, \"meta_keywords\": null, \"page_title\": null, \"language\": \"en\", \"title\": \"Jobs\", \"has_url_overwrite\": false, \"application_urls\": null, \"creation_date\": \"2014-06-30T06:48:37.099Z\", \"page\": 9, \"path\": \"about/jobs\", \"meta_description\": null, \"slug\": \"jobs\"}}]",
			"revision": 42
		}
	},
	{
		"pk": 195,
		"model": "reversion.version",
		"fields": {
			"format": "json",
			"object_repr": "Job VacanciesWe're always l...",
			"object_id": "17",
			"content_type": 43,
			"object_id_int": 17,
			"serialized_data": "[{\"pk\": 17, \"model\": \"text.text\", \"fields\": {\"body\": \"<h1>Job Vacancies</h1><p>We're always looking for great talents. Do you also want to be part of a world-class team?</p>\"}}]",
			"revision": 42
		}
	},
	{
		"pk": 196,
		"model": "reversion.version",
		"fields": {
			"format": "json",
			"object_repr": "content",
			"object_id": "9",
			"content_type": 28,
			"object_id_int": 9,
			"serialized_data": "[{\"pk\": 9, \"model\": \"cms.placeholder\", \"fields\": {\"slot\": \"content\", \"default_width\": null}}]",
			"revision": 42
		}
	},
	{
		"pk": 197,
		"model": "reversion.version",
		"fields": {
			"format": "json",
			"object_repr": "17",
			"object_id": "17",
			"content_type": 29,
			"object_id_int": 17,
			"serialized_data": "[{\"pk\": 17, \"model\": \"cms.cmsplugin\", \"fields\": {\"rght\": 2, \"changed_date\": \"2014-06-30T07:42:52.266Z\", \"parent\": null, \"language\": \"en\", \"level\": 0, \"creation_date\": \"2014-06-30T07:42:12.812Z\", \"lft\": 1, \"tree_id\": 17, \"position\": 0, \"placeholder\": 9, \"plugin_type\": \"TextPlugin\"}}]",
			"revision": 42
		}
	},
	{
		"pk": 246,
		"model": "reversion.version",
		"fields": {
			"format": "json",
			"object_repr": "OfficeDemo Company street, ...",
			"object_id": "19",
			"content_type": 43,
			"object_id_int": 19,
			"serialized_data": "[{\"pk\": 19, \"model\": \"text.text\", \"fields\": {\"body\": \"<h1>Office</h1><p>Demo Company street, 1a<br>12345 Isles of Scilly</p><p>Phone: +123 4567-890</p>\"}}]",
			"revision": 50
		}
	},
	{
		"pk": 247,
		"model": "reversion.version",
		"fields": {
			"format": "json",
			"object_repr": "Contact Us",
			"object_id": "10",
			"content_type": 27,
			"object_id_int": 10,
			"serialized_data": "[{\"pk\": 10, \"model\": \"cms.page\", \"fields\": {\"login_required\": false, \"changed_date\": \"2014-06-30T07:47:48.117Z\", \"limit_visibility_in_menu\": null, \"parent\": 2, \"level\": 1, \"reverse_id\": null, \"changed_by\": \"admin\", \"navigation_extenders\": \"\", \"site\": 1, \"created_by\": \"admin\", \"creation_date\": \"2014-06-30T06:49:05.196Z\", \"lft\": 4, \"publication_end_date\": null, \"soft_root\": false, \"template\": \"cms_base.html\", \"published\": true, \"publication_date\": \"2014-06-30T06:49:50.182Z\", \"placeholders\": [10], \"in_navigation\": true, \"rght\": 5, \"tree_id\": 2}}]",
			"revision": 50
		}
	},
	{
		"pk": 248,
		"model": "reversion.version",
		"fields": {
			"format": "json",
			"object_repr": "Contact Us (contact, en)",
			"object_id": "10",
			"content_type": 35,
			"object_id_int": 10,
			"serialized_data": "[{\"pk\": 10, \"model\": \"cms.title\", \"fields\": {\"menu_title\": null, \"redirect\": null, \"meta_keywords\": null, \"page_title\": null, \"language\": \"en\", \"title\": \"Contact Us\", \"has_url_overwrite\": false, \"application_urls\": null, \"creation_date\": \"2014-06-30T06:49:05.209Z\", \"page\": 10, \"path\": \"about/contact\", \"meta_description\": null, \"slug\": \"contact\"}}]",
			"revision": 50
		}
	},
	{
		"pk": 249,
		"model": "reversion.version",
		"fields": {
			"format": "json",
			"object_repr": "19",
			"object_id": "19",
			"content_type": 29,
			"object_id_int": 19,
			"serialized_data": "[{\"pk\": 19, \"model\": \"cms.cmsplugin\", \"fields\": {\"rght\": 2, \"changed_date\": \"2014-06-30T07:43:50.007Z\", \"parent\": null, \"language\": \"en\", \"level\": 0, \"creation_date\": \"2014-06-30T07:43:27.167Z\", \"lft\": 1, \"tree_id\": 19, \"position\": 0, \"placeholder\": 10, \"plugin_type\": \"TextPlugin\"}}]",
			"revision": 50
		}
	},
	{
		"pk": 250,
		"model": "reversion.version",
		"fields": {
			"format": "json",
			"object_repr": "support@organice.io",
			"object_id": "20",
			"content_type": 48,
			"object_id_int": 20,
			"serialized_data": "[{\"pk\": 20, \"model\": \"cmsplugin_contact.contact\", \"fields\": {\"content_label\": \"What you want to say\", \"subject_label\": \"Subject\", \"email_label\": \"Your email address\", \"recaptcha_theme\": \"clean\", \"site_email\": \"support@organice.io\", \"spam_protection_method\": 0, \"submit\": \"Send Email\", \"thanks\": \"<h2>Thank You!</h2><p>Thank you very much for your valuable interest in us!</p><p>We'll get back to you about your request as soon as possible.</p>\", \"akismet_api_key\": \"\", \"recaptcha_public_key\": \"\", \"recaptcha_private_key\": \"\"}}]",
			"revision": 50
		}
	},
	{
		"pk": 251,
		"model": "reversion.version",
		"fields": {
			"format": "json",
			"object_repr": "Contact Form",
			"object_id": "21",
			"content_type": 43,
			"object_id_int": 21,
			"serialized_data": "[{\"pk\": 21, \"model\": \"text.text\", \"fields\": {\"body\": \"<h2>Contact Form</h2>\"}}]",
			"revision": 50
		}
	},
	{
		"pk": 252,
		"model": "reversion.version",
		"fields": {
			"format": "json",
			"object_repr": "20",
			"object_id": "20",
			"content_type": 29,
			"object_id_int": 20,
			"serialized_data": "[{\"pk\": 20, \"model\": \"cms.cmsplugin\", \"fields\": {\"rght\": 2, \"changed_date\": \"2014-06-30T07:47:31.144Z\", \"parent\": null, \"language\": \"en\", \"level\": 0, \"creation_date\": \"2014-06-30T07:44:15.309Z\", \"lft\": 1, \"tree_id\": 20, \"position\": 2, \"placeholder\": 10, \"plugin_type\": \"ContactPlugin\"}}]",
			"revision": 50
		}
	},
	{
		"pk": 253,
		"model": "reversion.version",
		"fields": {
			"format": "json",
			"object_repr": "content",
			"object_id": "10",
			"content_type": 28,
			"object_id_int": 10,
			"serialized_data": "[{\"pk\": 10, \"model\": \"cms.placeholder\", \"fields\": {\"slot\": \"content\", \"default_width\": null}}]",
			"revision": 50
		}
	},
	{
		"pk": 254,
		"model": "reversion.version",
		"fields": {
			"format": "json",
			"object_repr": "21",
			"object_id": "21",
			"content_type": 29,
			"object_id_int": 21,
			"serialized_data": "[{\"pk\": 21, \"model\": \"cms.cmsplugin\", \"fields\": {\"rght\": 2, \"changed_date\": \"2014-06-30T07:47:31.110Z\", \"parent\": null, \"language\": \"en\", \"level\": 0, \"creation_date\": \"2014-06-30T07:47:11.743Z\", \"lft\": 1, \"tree_id\": 21, \"position\": 1, \"placeholder\": 10, \"plugin_type\": \"TextPlugin\"}}]",
			"revision": 50
		}
	},
	{
		"pk": 269,
		"model": "reversion.version",
		"fields": {
			"format": "json",
			"object_repr": "Directions (directions, en)",
			"object_id": "11",
			"content_type": 35,
			"object_id_int": 11,
			"serialized_data": "[{\"pk\": 11, \"model\": \"cms.title\", \"fields\": {\"menu_title\": null, \"redirect\": null, \"meta_keywords\": null, \"page_title\": null, \"language\": \"en\", \"title\": \"Directions\", \"has_url_overwrite\": false, \"application_urls\": null, \"creation_date\": \"2014-06-30T06:49:17.109Z\", \"page\": 11, \"path\": \"about/directions\", \"meta_description\": null, \"slug\": \"directions\"}}]",
			"revision": 54
		}
	},
	{
		"pk": 270,
		"model": "reversion.version",
		"fields": {
			"format": "json",
			"object_repr": "How You Find Us (Isles of Scilly, Isles of Scilly Isles of Scilly)",
			"object_id": "25",
			"content_type": 45,
			"object_id_int": 25,
			"serialized_data": "[{\"pk\": 25, \"model\": \"googlemap.googlemap\", \"fields\": {\"city\": \"Isles of Scilly\", \"title\": \"How You Find Us\", \"zoom\": 12, \"zipcode\": \"Isles of Scilly\", \"content\": \"\", \"width\": \"100%\", \"route_planer_title\": \"Calculate your fastest way to here\", \"route_planer\": false, \"address\": \"Isles of Scilly\", \"lat\": null, \"lng\": null, \"height\": \"400px\"}}]",
			"revision": 54
		}
	},
	{
		"pk": 271,
		"model": "reversion.version",
		"fields": {
			"format": "json",
			"object_repr": "Directions",
			"object_id": "11",
			"content_type": 27,
			"object_id_int": 11,
			"serialized_data": "[{\"pk\": 11, \"model\": \"cms.page\", \"fields\": {\"login_required\": false, \"changed_date\": \"2014-06-30T07:51:16.029Z\", \"limit_visibility_in_menu\": null, \"parent\": 2, \"level\": 1, \"reverse_id\": null, \"changed_by\": \"admin\", \"navigation_extenders\": \"\", \"site\": 1, \"created_by\": \"admin\", \"creation_date\": \"2014-06-30T06:49:17.096Z\", \"lft\": 6, \"publication_end_date\": null, \"soft_root\": false, \"template\": \"cms_base.html\", \"published\": true, \"publication_date\": \"2014-06-30T06:49:50.904Z\", \"placeholders\": [11], \"in_navigation\": true, \"rght\": 7, \"tree_id\": 2}}]",
			"revision": 54
		}
	},
	{
		"pk": 272,
		"model": "reversion.version",
		"fields": {
			"format": "json",
			"object_repr": "content",
			"object_id": "11",
			"content_type": 28,
			"object_id_int": 11,
			"serialized_data": "[{\"pk\": 11, \"model\": \"cms.placeholder\", \"fields\": {\"slot\": \"content\", \"default_width\": null}}]",
			"revision": 54
		}
	},
	{
		"pk": 273,
		"model": "reversion.version",
		"fields": {
			"format": "json",
			"object_repr": "25",
			"object_id": "25",
			"content_type": 29,
			"object_id_int": 25,
			"serialized_data": "[{\"pk\": 25, \"model\": \"cms.cmsplugin\", \"fields\": {\"rght\": 2, \"changed_date\": \"2014-06-30T07:50:53.087Z\", \"parent\": null, \"language\": \"en\", \"level\": 0, \"creation_date\": \"2014-06-30T07:49:29.479Z\", \"lft\": 1, \"tree_id\": 25, \"position\": 0, \"placeholder\": 11, \"plugin_type\": \"GoogleMapPlugin\"}}]",
			"revision": 54
		}
	},
	{
		"pk": 283,
		"model": "reversion.version",
		"fields": {
			"format": "json",
			"object_repr": "JuniorsTraining and educati...",
			"object_id": "27",
			"content_type": 43,
			"object_id_int": 27,
			"serialized_data": "[{\"pk\": 27, \"model\": \"text.text\", \"fields\": {\"body\": \"<h1>Juniors</h1><p>Training and education of our young stars.</p>\"}}]",
			"revision": 57
		}
	},
	{
		"pk": 284,
		"model": "reversion.version",
		"fields": {
			"format": "json",
			"object_repr": "Juniors (juniors, en)",
			"object_id": "12",
			"content_type": 35,
			"object_id_int": 12,
			"serialized_data": "[{\"pk\": 12, \"model\": \"cms.title\", \"fields\": {\"menu_title\": null, \"redirect\": null, \"meta_keywords\": null, \"page_title\": null, \"language\": \"en\", \"title\": \"Juniors\", \"has_url_overwrite\": false, \"application_urls\": null, \"creation_date\": \"2014-06-30T06:49:31.318Z\", \"page\": 12, \"path\": \"programs/juniors\", \"meta_description\": null, \"slug\": \"juniors\"}}]",
			"revision": 57
		}
	},
	{
		"pk": 285,
		"model": "reversion.version",
		"fields": {
			"format": "json",
			"object_repr": "27",
			"object_id": "27",
			"content_type": 29,
			"object_id_int": 27,
			"serialized_data": "[{\"pk\": 27, \"model\": \"cms.cmsplugin\", \"fields\": {\"rght\": 2, \"changed_date\": \"2014-06-30T07:53:40.358Z\", \"parent\": null, \"language\": \"en\", \"level\": 0, \"creation_date\": \"2014-06-30T07:53:25.698Z\", \"lft\": 1, \"tree_id\": 27, \"position\": 0, \"placeholder\": 12, \"plugin_type\": \"TextPlugin\"}}]",
			"revision": 57
		}
	},
	{
		"pk": 286,
		"model": "reversion.version",
		"fields": {
			"format": "json",
			"object_repr": "Juniors",
			"object_id": "12",
			"content_type": 27,
			"object_id_int": 12,
			"serialized_data": "[{\"pk\": 12, \"model\": \"cms.page\", \"fields\": {\"login_required\": false, \"changed_date\": \"2014-06-30T07:53:44.933Z\", \"limit_visibility_in_menu\": null, \"parent\": 3, \"level\": 1, \"reverse_id\": null, \"changed_by\": \"admin\", \"navigation_extenders\": \"\", \"site\": 1, \"created_by\": \"admin\", \"creation_date\": \"2014-06-30T06:49:31.305Z\", \"lft\": 2, \"publication_end_date\": null, \"soft_root\": false, \"template\": \"cms_base.html\", \"published\": true, \"publication_date\": \"2014-06-30T06:49:51.847Z\", \"placeholders\": [12], \"in_navigation\": true, \"rght\": 3, \"tree_id\": 3}}]",
			"revision": 57
		}
	},
	{
		"pk": 287,
		"model": "reversion.version",
		"fields": {
			"format": "json",
			"object_repr": "content",
			"object_id": "12",
			"content_type": 28,
			"object_id_int": 12,
			"serialized_data": "[{\"pk\": 12, \"model\": \"cms.placeholder\", \"fields\": {\"slot\": \"content\", \"default_width\": null}}]",
			"revision": 57
		}
	},
	{
		"pk": 297,
		"model": "reversion.version",
		"fields": {
			"format": "json",
			"object_repr": "Seniors (seniors, en)",
			"object_id": "13",
			"content_type": 35,
			"object_id_int": 13,
			"serialized_data": "[{\"pk\": 13, \"model\": \"cms.title\", \"fields\": {\"menu_title\": null, \"redirect\": null, \"meta_keywords\": null, \"page_title\": null, \"language\": \"en\", \"title\": \"Seniors\", \"has_url_overwrite\": false, \"application_urls\": null, \"creation_date\": \"2014-06-30T06:49:46.138Z\", \"page\": 13, \"path\": \"programs/seniors\", \"meta_description\": null, \"slug\": \"seniors\"}}]",
			"revision": 60
		}
	},
	{
		"pk": 298,
		"model": "reversion.version",
		"fields": {
			"format": "json",
			"object_repr": "content",
			"object_id": "13",
			"content_type": 28,
			"object_id_int": 13,
			"serialized_data": "[{\"pk\": 13, \"model\": \"cms.placeholder\", \"fields\": {\"slot\": \"content\", \"default_width\": null}}]",
			"revision": 60
		}
	},
	{
		"pk": 299,
		"model": "reversion.version",
		"fields": {
			"format": "json",
			"object_repr": "SeniorsRecreational program...",
			"object_id": "29",
			"content_type": 43,
			"object_id_int": 29,
			"serialized_data": "[{\"pk\": 29, \"model\": \"text.text\", \"fields\": {\"body\": \"<h1>Seniors</h1><p>Recreational programs for retired professionals and hobbyists.</p>\"}}]",
			"revision": 60
		}
	},
	{
		"pk": 300,
		"model": "reversion.version",
		"fields": {
			"format": "json",
			"object_repr": "29",
			"object_id": "29",
			"content_type": 29,
			"object_id_int": 29,
			"serialized_data": "[{\"pk\": 29, \"model\": \"cms.cmsplugin\", \"fields\": {\"rght\": 2, \"changed_date\": \"2014-06-30T07:54:13.373Z\", \"parent\": null, \"language\": \"en\", \"level\": 0, \"creation_date\": \"2014-06-30T07:54:01.735Z\", \"lft\": 1, \"tree_id\": 29, \"position\": 0, \"placeholder\": 13, \"plugin_type\": \"TextPlugin\"}}]",
			"revision": 60
		}
	},
	{
		"pk": 301,
		"model": "reversion.version",
		"fields": {
			"format": "json",
			"object_repr": "Seniors",
			"object_id": "13",
			"content_type": 27,
			"object_id_int": 13,
			"serialized_data": "[{\"pk\": 13, \"model\": \"cms.page\", \"fields\": {\"login_required\": false, \"changed_date\": \"2014-06-30T07:54:22.326Z\", \"limit_visibility_in_menu\": null, \"parent\": 3, \"level\": 1, \"reverse_id\": null, \"changed_by\": \"admin\", \"navigation_extenders\": \"\", \"site\": 1, \"created_by\": \"admin\", \"creation_date\": \"2014-06-30T06:49:46.125Z\", \"lft\": 4, \"publication_end_date\": null, \"soft_root\": false, \"template\": \"cms_base.html\", \"published\": true, \"publication_date\": \"2014-06-30T06:49:52.744Z\", \"placeholders\": [13], \"in_navigation\": true, \"rght\": 5, \"tree_id\": 3}}]",
			"revision": 60
		}
	},
	{
		"pk": 315,
		"model": "reversion.version",
		"fields": {
			"format": "json",
			"object_repr": "0 entries",
			"object_id": "33",
			"content_type": 52,
			"object_id_int": 33,
			"serialized_data": "[{\"pk\": 33, \"model\": \"cmsplugin_zinnia.latestentriesplugin\", \"fields\": {\"template_to_render\": \"cmsplugin_zinnia/entry_slider.html\", \"tags\": [], \"authors\": [], \"number_of_entries\": 0, \"featured\": null, \"subcategories\": true, \"offset\": 0, \"categories\": [3]}}]",
			"revision": 63
		}
	},
	{
		"pk": 316,
		"model": "reversion.version",
		"fields": {
			"format": "json",
			"object_repr": "33",
			"object_id": "33",
			"content_type": 29,
			"object_id_int": 33,
			"serialized_data": "[{\"pk\": 33, \"model\": \"cms.cmsplugin\", \"fields\": {\"rght\": 2, \"changed_date\": \"2014-06-30T08:09:51.003Z\", \"parent\": null, \"language\": \"en\", \"level\": 0, \"creation_date\": \"2014-06-30T08:09:31.945Z\", \"lft\": 1, \"tree_id\": 33, \"position\": 1, \"placeholder\": 9, \"plugin_type\": \"CMSLatestEntriesPlugin\"}}]",
			"revision": 63
		}
	},
	{
		"pk": 317,
		"model": "reversion.version",
		"fields": {
			"format": "json",
			"object_repr": "17",
			"object_id": "17",
			"content_type": 29,
			"object_id_int": 17,
			"serialized_data": "[{\"pk\": 17, \"model\": \"cms.cmsplugin\", \"fields\": {\"rght\": 2, \"changed_date\": \"2014-06-30T07:42:52.266Z\", \"parent\": null, \"language\": \"en\", \"level\": 0, \"creation_date\": \"2014-06-30T07:42:12.812Z\", \"lft\": 1, \"tree_id\": 17, \"position\": 0, \"placeholder\": 9, \"plugin_type\": \"TextPlugin\"}}]",
			"revision": 63
		}
	},
	{
		"pk": 318,
		"model": "reversion.version",
		"fields": {
			"format": "json",
			"object_repr": "Jobs",
			"object_id": "9",
			"content_type": 27,
			"object_id_int": 9,
			"serialized_data": "[{\"pk\": 9, \"model\": \"cms.page\", \"fields\": {\"login_required\": false, \"changed_date\": \"2014-06-30T08:10:01.959Z\", \"limit_visibility_in_menu\": null, \"parent\": 2, \"level\": 1, \"reverse_id\": null, \"changed_by\": \"admin\", \"navigation_extenders\": \"\", \"site\": 1, \"created_by\": \"admin\", \"creation_date\": \"2014-06-30T06:48:37.086Z\", \"lft\": 2, \"publication_end_date\": null, \"soft_root\": false, \"template\": \"cms_base.html\", \"published\": true, \"publication_date\": \"2014-06-30T06:49:49.112Z\", \"placeholders\": [9], \"in_navigation\": true, \"rght\": 3, \"tree_id\": 2}}]",
			"revision": 63
		}
	},
	{
		"pk": 319,
		"model": "reversion.version",
		"fields": {
			"format": "json",
			"object_repr": "Job VacanciesWe're always l...",
			"object_id": "17",
			"content_type": 43,
			"object_id_int": 17,
			"serialized_data": "[{\"pk\": 17, \"model\": \"text.text\", \"fields\": {\"body\": \"<h1>Job Vacancies</h1><p>We're always looking for great talents. Do you also want to be part of a world-class team?</p>\"}}]",
			"revision": 63
		}
	},
	{
		"pk": 320,
		"model": "reversion.version",
		"fields": {
			"format": "json",
			"object_repr": "content",
			"object_id": "9",
			"content_type": 28,
			"object_id_int": 9,
			"serialized_data": "[{\"pk\": 9, \"model\": \"cms.placeholder\", \"fields\": {\"slot\": \"content\", \"default_width\": null}}]",
			"revision": 63
		}
	},
	{
		"pk": 321,
		"model": "reversion.version",
		"fields": {
			"format": "json",
			"object_repr": "Jobs (jobs, en)",
			"object_id": "9",
			"content_type": 35,
			"object_id_int": 9,
			"serialized_data": "[{\"pk\": 9, \"model\": \"cms.title\", \"fields\": {\"menu_title\": null, \"redirect\": null, \"meta_keywords\": null, \"page_title\": null, \"language\": \"en\", \"title\": \"Jobs\", \"has_url_overwrite\": false, \"application_urls\": null, \"creation_date\": \"2014-06-30T06:48:37.099Z\", \"page\": 9, \"path\": \"about/jobs\", \"meta_description\": null, \"slug\": \"jobs\"}}]",
			"revision": 63
		}
	},
	{
		"pk": 1,
		"model": "text.text",
		"fields": {
			"body": "<h1>Welcome to the Organice Demo Site!</h1><p>You can use the User Menu in the right upper corner to log in or register for an account. You can immediately modify the content of this website after logging in.</p>"
		}
	},
	{
		"pk": 2,
		"model": "text.text",
		"fields": {
			"body": "<h1>Latest News</h1>"
		}
	},
	{
		"pk": 4,
		"model": "text.text",
		"fields": {
			"body": "<h1>Welcome to the Organice Demo Site!</h1><p>You can use the User Menu in the right upper corner to log in or register for an account. You can immediately modify the content of this website after logging in.</p>"
		}
	},
	{
		"pk": 5,
		"model": "text.text",
		"fields": {
			"body": "<h1>Latest News</h1>"
		}
	},
	{
		"pk": 7,
		"model": "text.text",
		"fields": {
			"body": "<h1>About Us</h1><p>We are Demo Company. The greatest place on earth! That's what we are.</p>"
		}
	},
	{
		"pk": 8,
		"model": "text.text",
		"fields": {
			"body": "<h1>About Us</h1><p>We are Demo Company. The greatest place on earth! That's what we are.</p>"
		}
	},
	{
		"pk": 9,
		"model": "text.text",
		"fields": {
			"body": "<h1>Programs</h1><p>Demo Company is at the forefront of providing progressive education programs to all ages and skill levels, whether recreational or competitive, youth or adult.</p><p>At the heart of our programs there is always fun. This is the foundation of our work to develop world-class talents.</p>"
		}
	},
	{
		"pk": 10,
		"model": "text.text",
		"fields": {
			"body": "<h1>Programs</h1><p>Demo Company is at the forefront of providing progressive education programs to all ages and skill levels, whether recreational or competitive, youth or adult.</p><p>At the heart of our programs there is always fun. This is the foundation of our work to develop world-class talents.</p>"
		}
	},
	{
		"pk": 11,
		"model": "text.text",
		"fields": {
			"body": "<h1>Sponsors</h1><p>Please applaud our very special sponsors. Say \"thank you\" with us. They trust in us that we give our best.</p>"
		}
	},
	{
		"pk": 12,
		"model": "text.text",
		"fields": {
			"body": "<h2>Gold Sponsors</h2><p>...</p>"
		}
	},
	{
		"pk": 13,
		"model": "text.text",
		"fields": {
			"body": "<h2>Silver Sponsors</h2><p>...</p>"
		}
	},
	{
		"pk": 14,
		"model": "text.text",
		"fields": {
			"body": "<h1>Sponsors</h1><p>Please applaud our very special sponsors. Say \"thank you\" with us. They trust in us that we give our best.</p>"
		}
	},
	{
		"pk": 15,
		"model": "text.text",
		"fields": {
			"body": "<h2>Gold Sponsors</h2><p>...</p>"
		}
	},
	{
		"pk": 16,
		"model": "text.text",
		"fields": {
			"body": "<h2>Silver Sponsors</h2><p>...</p>"
		}
	},
	{
		"pk": 17,
		"model": "text.text",
		"fields": {
			"body": "<h1>Job Vacancies</h1><p>We're always looking for great talents. Do you also want to be part of a world-class team?</p>"
		}
	},
	{
		"pk": 19,
		"model": "text.text",
		"fields": {
			"body": "<h1>Office</h1><p>Demo Company street, 1a<br>12345 Isles of Scilly</p><p>Phone: +123 4567-890</p>"
		}
	},
	{
		"pk": 21,
		"model": "text.text",
		"fields": {
			"body": "<h2>Contact Form</h2>"
		}
	},
	{
		"pk": 22,
		"model": "text.text",
		"fields": {
			"body": "<h1>Office</h1><p>Demo Company street, 1a<br>12345 Isles of Scilly</p><p>Phone: +123 4567-890</p>"
		}
	},
	{
		"pk": 24,
		"model": "text.text",
		"fields": {
			"body": "<h2>Contact Form</h2>"
		}
	},
	{
		"pk": 27,
		"model": "text.text",
		"fields": {
			"body": "<h1>Juniors</h1><p>Training and education of our young stars.</p>"
		}
	},
	{
		"pk": 28,
		"model": "text.text",
		"fields": {
			"body": "<h1>Juniors</h1><p>Training and education of our young stars.</p>"
		}
	},
	{
		"pk": 29,
		"model": "text.text",
		"fields": {
			"body": "<h1>Seniors</h1><p>Recreational programs for retired professionals and hobbyists.</p>"
		}
	},
	{
		"pk": 30,
		"model": "text.text",
		"fields": {
			"body": "<h1>Seniors</h1><p>Recreational programs for retired professionals and hobbyists.</p>"
		}
	},
	{
		"pk": 31,
		"model": "text.text",
		"fields": {
			"body": "<p>We're looking for you. The best <strong>office manager (f/m)</strong> for a world-class team.</p><h3>Your Responsibilities</h3><ul><li>Answer phone calls, emails, and snail mail</li><li>Prepare our meeting facilities</li><li>Coordinate facility management staff</li><li>Be the nicest person in town -- <em>even when your boss has a bad day!</em></li></ul><h3>Your Qualifications</h3><ul><li>You're multilingual, ideally grown bilingual</li><li>You love communicating -- <em>\"small talk\" is your middle name!</em></li><li>You're funny, you're structured, and a computer freak</li></ul>"
		}
	},
	{
		"pk": 32,
		"model": "text.text",
		"fields": {
			"body": "<p>Do you find yourself in this job description? Then we should talk!</p><p>Send your CV to <img id=\"plugin_obj_39\" alt=\"Link \\u002D jobs@example.com\" title=\"Link \\u002D jobs@example.com\" src=\"/static/cms/images/plugins/link.png\">.</p>"
		}
	},
	{
		"pk": 34,
		"model": "text.text",
		"fields": {
			"body": "<h1>Job Vacancies</h1><p>We're always looking for great talents. Do you also want to be part of a world-class team?</p>"
		}
	},
	{
		"pk": 37,
		"model": "text.text",
		"fields": {
			"body": "<h2>Who We Are</h2><p>Demo Company is the leader in selling \ndreams and promises. What makes us different is we keep those promises.</p><p>Find more vacancies on our <img id=\"plugin_obj_40\" alt=\"Link \\u002D jobs page\" title=\"Link \\u002D jobs page\" src=\"/static/cms/images/plugins/link.png\">!</p>"
		}
	},
	{
		"pk": 39,
		"model": "link.link",
		"fields": {
			"url": "",
			"mailto": "jobs@example.com",
			"target": "",
			"name": "jobs@example.com",
			"page_link": null
		}
	},
	{
		"pk": 40,
		"model": "link.link",
		"fields": {
			"url": "",
			"mailto": "",
			"target": "",
			"name": "jobs page",
			"page_link": 9
		}
	},
	{
		"pk": 25,
		"model": "googlemap.googlemap",
		"fields": {
			"city": "Isles of Scilly",
			"title": "How You Find Us",
			"zoom": 12,
			"zipcode": "Isles of Scilly",
			"content": "",
			"width": "100%",
			"route_planer_title": "Calculate your fastest way to here",
			"route_planer": false,
			"address": "Isles of Scilly",
			"lat": null,
			"lng": null,
			"height": "400px"
		}
	},
	{
		"pk": 26,
		"model": "googlemap.googlemap",
		"fields": {
			"city": "Isles of Scilly",
			"title": "How You Find Us",
			"zoom": 12,
			"zipcode": "Isles of Scilly",
			"content": "",
			"width": "100%",
			"route_planer_title": "Calculate your fastest way to here",
			"route_planer": false,
			"address": "Isles of Scilly",
			"lat": null,
			"lng": null,
			"height": "400px"
		}
	},
	{
		"pk": 20,
		"model": "cmsplugin_contact.contact",
		"fields": {
			"content_label": "What you want to say",
			"subject_label": "Subject",
			"email_label": "Your email address",
			"recaptcha_theme": "clean",
			"site_email": "support@organice.io",
			"spam_protection_method": 0,
			"submit": "Send Email",
			"thanks": "<h2>Thank You!</h2><p>Thank you very much for your valuable interest in us!</p><p>We'll get back to you about your request as soon as possible.</p>",
			"akismet_api_key": "",
			"recaptcha_public_key": "",
			"recaptcha_private_key": ""
		}
	},
	{
		"pk": 23,
		"model": "cmsplugin_contact.contact",
		"fields": {
			"content_label": "What you want to say",
			"subject_label": "Subject",
			"email_label": "Your email address",
			"recaptcha_theme": "clean",
			"site_email": "support@organice.io",
			"spam_protection_method": 0,
			"submit": "Send Email",
			"thanks": "<h2>Thank You!</h2><p>Thank you very much for your valuable interest in us!</p><p>We'll get back to you about your request as soon as possible.</p>",
			"akismet_api_key": "",
			"recaptcha_public_key": "",
			"recaptcha_private_key": ""
		}
	},
	{
		"pk": 1,
		"model": "zinnia.category",
		"fields": {
			"rght": 2,
			"description": "Articles that are displayed in the Events section of our website.",
			"parent": null,
			"title": "Events",
			"level": 0,
			"lft": 1,
			"tree_id": 1,
			"slug": "events"
		}
	},
	{
		"pk": 2,
		"model": "zinnia.category",
		"fields": {
			"rght": 2,
			"description": "Quotes about us in newspapers, or press releases. These articles are listed in the Press section of our website.",
			"parent": null,
			"title": "Press",
			"level": 0,
			"lft": 1,
			"tree_id": 3,
			"slug": "press"
		}
	},
	{
		"pk": 3,
		"model": "zinnia.category",
		"fields": {
			"rght": 2,
			"description": "Job vacancies. Because everyone wants to work with us!",
			"parent": null,
			"title": "Jobs",
			"level": 0,
			"lft": 1,
			"tree_id": 2,
			"slug": "jobs"
		}
	},
	{
		"pk": 1,
		"model": "zinnia.author",
		"fields": {
			"username": "admin",
			"first_name": "",
			"last_name": "",
			"is_active": true,
			"is_superuser": true,
			"is_staff": true,
			"last_login": "2014-06-30T06:10:24.279Z",
			"groups": [],
			"user_permissions": [],
			"password": "pbkdf2_sha256$10000$qm6MAea1ojtm$LQr/cexkSY02jNov09VhEB7VzvF1+br0CnFAvxtrPOQ=",
			"email": "support@organice.io",
			"date_joined": "2014-06-30T06:08:28.024Z"
		}
	},
	{
		"pk": 1,
		"model": "admin.logentry",
		"fields": {
			"action_flag": 2,
			"action_time": "2014-06-30T06:11:28.107Z",
			"object_repr": "demo.organice.io",
			"object_id": "1",
			"change_message": "Changed domain and name.",
			"user": 1,
			"content_type": 8
		}
	},
	{
		"pk": 2,
		"model": "admin.logentry",
		"fields": {
			"action_flag": 1,
			"action_time": "2014-06-30T06:11:48.150Z",
			"object_repr": "Home",
			"object_id": "1",
			"change_message": "",
			"user": 1,
			"content_type": 27
		}
	},
	{
		"pk": 3,
		"model": "admin.logentry",
		"fields": {
			"action_flag": 1,
			"action_time": "2014-06-30T06:46:53.083Z",
			"object_repr": "About Us",
			"object_id": "2",
			"change_message": "",
			"user": 1,
			"content_type": 27
		}
	},
	{
		"pk": 4,
		"model": "admin.logentry",
		"fields": {
			"action_flag": 1,
			"action_time": "2014-06-30T06:47:25.469Z",
			"object_repr": "Programs",
			"object_id": "3",
			"change_message": "",
			"user": 1,
			"content_type": 27
		}
	},
	{
		"pk": 5,
		"model": "admin.logentry",
		"fields": {
			"action_flag": 1,
			"action_time": "2014-06-30T06:47:36.674Z",
			"object_repr": "Sponsors",
			"object_id": "4",
			"change_message": "",
			"user": 1,
			"content_type": 27
		}
	},
	{
		"pk": 6,
		"model": "admin.logentry",
		"fields": {
			"action_flag": 1,
			"action_time": "2014-06-30T06:48:37.102Z",
			"object_repr": "Jobs",
			"object_id": "9",
			"change_message": "",
			"user": 1,
			"content_type": 27
		}
	},
	{
		"pk": 7,
		"model": "admin.logentry",
		"fields": {
			"action_flag": 1,
			"action_time": "2014-06-30T06:49:05.212Z",
			"object_repr": "Contact Us",
			"object_id": "10",
			"change_message": "",
			"user": 1,
			"content_type": 27
		}
	},
	{
		"pk": 8,
		"model": "admin.logentry",
		"fields": {
			"action_flag": 1,
			"action_time": "2014-06-30T06:49:17.112Z",
			"object_repr": "Directions",
			"object_id": "11",
			"change_message": "",
			"user": 1,
			"content_type": 27
		}
	},
	{
		"pk": 9,
		"model": "admin.logentry",
		"fields": {
			"action_flag": 1,
			"action_time": "2014-06-30T06:49:31.321Z",
			"object_repr": "Juniors",
			"object_id": "12",
			"change_message": "",
			"user": 1,
			"content_type": 27
		}
	},
	{
		"pk": 10,
		"model": "admin.logentry",
		"fields": {
			"action_flag": 1,
			"action_time": "2014-06-30T06:49:46.141Z",
			"object_repr": "Seniors",
			"object_id": "13",
			"change_message": "",
			"user": 1,
			"content_type": 27
		}
	},
	{
		"pk": 11,
		"model": "admin.logentry",
		"fields": {
			"action_flag": 1,
			"action_time": "2014-06-30T07:57:53.520Z",
			"object_repr": "Events",
			"object_id": "1",
			"change_message": "",
			"user": 1,
			"content_type": 50
		}
	},
	{
		"pk": 12,
		"model": "admin.logentry",
		"fields": {
			"action_flag": 1,
			"action_time": "2014-06-30T07:58:16.567Z",
			"object_repr": "Press",
			"object_id": "2",
			"change_message": "",
			"user": 1,
			"content_type": 50
		}
	},
	{
		"pk": 13,
		"model": "admin.logentry",
		"fields": {
			"action_flag": 1,
			"action_time": "2014-06-30T07:58:33.242Z",
			"object_repr": "Jobs",
			"object_id": "3",
			"change_message": "",
			"user": 1,
			"content_type": 50
		}
	},
	{
		"pk": 14,
		"model": "admin.logentry",
		"fields": {
			"action_flag": 1,
			"action_time": "2014-06-30T08:01:11.135Z",
			"object_repr": "Office Manager: draft",
			"object_id": "1",
			"change_message": "",
			"user": 1,
			"content_type": 49
		}
	},
	{
		"pk": 15,
		"model": "admin.logentry",
		"fields": {
			"action_flag": 2,
			"action_time": "2014-06-30T08:07:10.588Z",
			"object_repr": "Office Manager: published",
			"object_id": "1",
			"change_message": "Changed status and content_placeholder.",
			"user": 1,
			"content_type": 49
		}
	},
	{
		"pk": 1,
		"model": "reversion.revision",
		"fields": {
			"comment": "Initial version.",
			"date_created": "2014-06-30T06:11:48.156Z",
			"manager_slug": "default",
			"user": 1
		}
	},
	{
		"pk": 2,
		"model": "reversion.revision",
		"fields": {
			"comment": "Initial version.",
			"date_created": "2014-06-30T06:46:53.087Z",
			"manager_slug": "default",
			"user": 1
		}
	},
	{
		"pk": 3,
		"model": "reversion.revision",
		"fields": {
			"comment": "Initial version.",
			"date_created": "2014-06-30T06:47:25.474Z",
			"manager_slug": "default",
			"user": 1
		}
	},
	{
		"pk": 4,
		"model": "reversion.revision",
		"fields": {
			"comment": "Initial version.",
			"date_created": "2014-06-30T06:47:36.678Z",
			"manager_slug": "default",
			"user": 1
		}
	},
	{
		"pk": 5,
		"model": "reversion.revision",
		"fields": {
			"comment": "Publish",
			"date_created": "2014-06-30T06:47:54.809Z",
			"manager_slug": "default",
			"user": 1
		}
	},
	{
		"pk": 6,
		"model": "reversion.revision",
		"fields": {
			"comment": "Publish",
			"date_created": "2014-06-30T06:47:55.870Z",
			"manager_slug": "default",
			"user": 1
		}
	},
	{
		"pk": 7,
		"model": "reversion.revision",
		"fields": {
			"comment": "Publish",
			"date_created": "2014-06-30T06:47:56.766Z",
			"manager_slug": "default",
			"user": 1
		}
	},
	{
		"pk": 8,
		"model": "reversion.revision",
		"fields": {
			"comment": "Publish",
			"date_created": "2014-06-30T06:47:57.837Z",
			"manager_slug": "default",
			"user": 1
		}
	},
	{
		"pk": 9,
		"model": "reversion.revision",
		"fields": {
			"comment": "Initial version.",
			"date_created": "2014-06-30T06:48:37.106Z",
			"manager_slug": "default",
			"user": 1
		}
	},
	{
		"pk": 10,
		"model": "reversion.revision",
		"fields": {
			"comment": "Initial version.",
			"date_created": "2014-06-30T06:49:05.216Z",
			"manager_slug": "default",
			"user": 1
		}
	},
	{
		"pk": 11,
		"model": "reversion.revision",
		"fields": {
			"comment": "Initial version.",
			"date_created": "2014-06-30T06:49:17.117Z",
			"manager_slug": "default",
			"user": 1
		}
	},
	{
		"pk": 12,
		"model": "reversion.revision",
		"fields": {
			"comment": "Initial version.",
			"date_created": "2014-06-30T06:49:31.325Z",
			"manager_slug": "default",
			"user": 1
		}
	},
	{
		"pk": 13,
		"model": "reversion.revision",
		"fields": {
			"comment": "Initial version.",
			"date_created": "2014-06-30T06:49:46.146Z",
			"manager_slug": "default",
			"user": 1
		}
	},
	{
		"pk": 14,
		"model": "reversion.revision",
		"fields": {
			"comment": "Publish",
			"date_created": "2014-06-30T06:49:54.136Z",
			"manager_slug": "default",
			"user": 1
		}
	},
	{
		"pk": 15,
		"model": "reversion.revision",
		"fields": {
			"comment": "Publish",
			"date_created": "2014-06-30T06:49:55.205Z",
			"manager_slug": "default",
			"user": 1
		}
	},
	{
		"pk": 16,
		"model": "reversion.revision",
		"fields": {
			"comment": "Publish",
			"date_created": "2014-06-30T06:49:55.927Z",
			"manager_slug": "default",
			"user": 1
		}
	},
	{
		"pk": 17,
		"model": "reversion.revision",
		"fields": {
			"comment": "Publish",
			"date_created": "2014-06-30T06:49:56.873Z",
			"manager_slug": "default",
			"user": 1
		}
	},
	{
		"pk": 18,
		"model": "reversion.revision",
		"fields": {
			"comment": "Publish",
			"date_created": "2014-06-30T06:49:57.768Z",
			"manager_slug": "default",
			"user": 1
		}
	},
	{
		"pk": 25,
		"model": "reversion.revision",
		"fields": {
			"comment": "Publish",
			"date_created": "2014-06-30T06:54:05.412Z",
			"manager_slug": "default",
			"user": 1
		}
	},
	{
		"pk": 28,
		"model": "reversion.revision",
		"fields": {
			"comment": "Publish",
			"date_created": "2014-06-30T07:36:55.469Z",
			"manager_slug": "default",
			"user": 1
		}
	},
	{
		"pk": 32,
		"model": "reversion.revision",
		"fields": {
			"comment": "Publish",
			"date_created": "2014-06-30T07:39:10.837Z",
			"manager_slug": "default",
			"user": 1
		}
	},
	{
		"pk": 39,
		"model": "reversion.revision",
		"fields": {
			"comment": "Publish",
			"date_created": "2014-06-30T07:40:56.983Z",
			"manager_slug": "default",
			"user": 1
		}
	},
	{
		"pk": 42,
		"model": "reversion.revision",
		"fields": {
			"comment": "Publish",
			"date_created": "2014-06-30T07:43:07.166Z",
			"manager_slug": "default",
			"user": 1
		}
	},
	{
		"pk": 50,
		"model": "reversion.revision",
		"fields": {
			"comment": "Publish",
			"date_created": "2014-06-30T07:47:48.142Z",
			"manager_slug": "default",
			"user": 1
		}
	},
	{
		"pk": 54,
		"model": "reversion.revision",
		"fields": {
			"comment": "Publish",
			"date_created": "2014-06-30T07:51:16.049Z",
			"manager_slug": "default",
			"user": 1
		}
	},
	{
		"pk": 57,
		"model": "reversion.revision",
		"fields": {
			"comment": "Publish",
			"date_created": "2014-06-30T07:53:44.953Z",
			"manager_slug": "default",
			"user": 1
		}
	},
	{
		"pk": 60,
		"model": "reversion.revision",
		"fields": {
			"comment": "Publish",
			"date_created": "2014-06-30T07:54:22.346Z",
			"manager_slug": "default",
			"user": 1
		}
	},
	{
		"pk": 63,
		"model": "reversion.revision",
		"fields": {
			"comment": "Publish",
			"date_created": "2014-06-30T08:10:01.982Z",
			"manager_slug": "default",
			"user": 1
		}
	},
	{
		"pk": 1,
		"model": "zinnia.entry",
		"fields": {
			"content_template": "zinnia/_entry_detail.html",
			"detail_template": "entry_detail.html",
			"start_publication": null,
			"pingback_enabled": true,
			"excerpt": "We're looking for you. The best office manager (f/m) for a world-class team.",
			"related": [],
			"creation_date": "2014-06-30T15:00:00Z",
			"featured": false,
			"pingback_count": 0,
			"content_placeholder": 20,
			"trackback_count": 0,
			"comment_enabled": true,
			"title": "Office Manager",
			"login_required": false,
			"sites": [
				1
			],
			"last_update": "2014-06-30T08:07:10.540Z",
			"content": "<p>We're looking for you. The best <strong>office manager (f/m)</strong> for a world-class team.</p><h3>Your Responsibilities</h3><ul><li>Answer phone calls, emails, and snail mail</li><li>Prepare our meetings facilities</li><li>Coordinate facility management staff</li><li>Be the nicest person in town -- <em>even when your boss has a bad day!</em></li></ul><h3>Your Qualifications</h3><ul><li>You're multilingual, ideally grown bilingual</li><li>You love communicating -- <em>\"small talk\" is your middle name!</em></li><li>You're funny, you're structured, and a computer freak</li></ul><p>Do you find yourself in this job description? Then we should talk!</p><p>Send your CV to <strong>jobs@example.com</strong></p><h2>Who We Are</h2><p>Demo Company is the leader in selling \ndreams and promises. What makes us different is we keep those promises.</p>",
			"comment_count": 0,
			"trackback_enabled": true,
			"end_publication": null,
			"image": "",
			"status": 2,
			"tags": "",
			"authors": [
				1
			],
			"password": "",
			"slug": "office-manager",
			"categories": [
				3
			]
		}
	},
	{
		"pk": 3,
		"model": "cmsplugin_zinnia.latestentriesplugin",
		"fields": {
			"template_to_render": "cmsplugin_zinnia/entry_detail.html",
			"tags": [],
			"authors": [],
			"number_of_entries": 3,
			"featured": null,
			"subcategories": true,
			"offset": 0,
			"categories": []
		}
	},
	{
		"pk": 6,
		"model": "cmsplugin_zinnia.latestentriesplugin",
		"fields": {
			"template_to_render": "cmsplugin_zinnia/entry_detail.html",
			"tags": [],
			"authors": [],
			"number_of_entries": 3,
			"featured": null,
			"subcategories": true,
			"offset": 0,
			"categories": []
		}
	},
	{
		"pk": 33,
		"model": "cmsplugin_zinnia.latestentriesplugin",
		"fields": {
			"template_to_render": "cmsplugin_zinnia/entry_slider.html",
			"tags": [],
			"authors": [],
			"number_of_entries": 0,
			"featured": null,
			"subcategories": true,
			"offset": 0,
			"categories": [
				3
			]
		}
	},
	{
		"pk": 35,
		"model": "cmsplugin_zinnia.latestentriesplugin",
		"fields": {
			"template_to_render": "cmsplugin_zinnia/entry_slider.html",
			"tags": [],
			"authors": [],
			"number_of_entries": 0,
			"featured": null,
			"subcategories": true,
			"offset": 0,
			"categories": [
				3
			]
		}
	}
]
